symbol,time_utc,open,high,low,close,bar_state,tick_volume
XAUUSD,2025-01-01T12:00:00Z,2000.0,2001.0,1999.0,2000.0,CLOSED,10
XAUUSD,2025-01-01T12:01:00Z,2000.001,2001.001,1999.001,2000.001,CLOSED,10
XAUUSD,2025-01-01T12:02:00Z,2000.002,2001.002,1999.002,2000.002,CLOSED,10
XAUUSD,2025-01-01T12:03:00Z,2000.003,2001.003,1999.003,2000.003,CLOSED,10
XAUUSD,2025-01-01T12:04:00Z,2000.004,2001.004,1999.004,2000.004,CLOSED,10
XAUUSD,2025-01-01T12:05:00Z,2000.005,2001.005,1999.005,2000.005,CLOSED,10
XAUUSD,2025-01-01T12:06:00Z,2000.006,2001.006,1999.006,2000.006,CLOSED,10
XAUUSD,2025-01-01T12:07:00Z,2000.007,2001.007,1999.007,2000.007,CLOSED,10
XAUUSD,2025-01-01T12:08:00Z,2000.008,2001.008,1999.008,2000.008,CLOSED,10
XAUUSD,2025-01-01T12:09:00Z,2000.009,2001.009,1999.009,2000.009,CLOSED,10
XAUUSD,2025-01-01T12:10:00Z,2000.01,2001.01,1999.01,2000.01,CLOSED,10
XAUUSD,2025-01-01T12:11:00Z,2000.011,2001.011,1999.011,2000.011,CLOSED,10
XAUUSD,2025-01-01T12:12:00Z,2000.012,2001.012,1999.012,2000.012,CLOSED,10
XAUUSD,2025-01-01T12:13:00Z,2000.013,2001.013,1999.013,2000.013,CLOSED,10
XAUUSD,2025-01-01T12:14:00Z,2000.014,2001.014,1999.014,2000.014,CLOSED,10
XAUUSD,2025-01-01T12:15:00Z,2000.015,2001.015,1999.015,2000.015,CLOSED,10
XAUUSD,2025-01-01T12:16:00Z,2000.016,2001.016,1999.016,2000.016,CLOSED,10
XAUUSD,2025-01-01T12:17:00Z,2000.017,2001.017,1999.017,2000.017,CLOSED,10
XAUUSD,2025-01-01T12:18:00Z,2000.018,2001.018,1999.018,2000.018,CLOSED,10
XAUUSD,2025-01-01T12:19:00Z,2000.019,2001.019,1999.019,2000.019,CLOSED,10
XAUUSD,2025-01-01T12:20:00Z,2000.02,2001.02,1999.02,2000.02,CLOSED,10
XAUUSD,2025-01-01T12:21:00Z,2000.021,2001.021,1999.021,2000.021,CLOSED,10
XAUUSD,2025-01-01T12:22:00Z,2000.022,2001.022,1999.022,2000.022,CLOSED,10
XAUUSD,2025-01-01T12:23:00Z,2000.023,2001.023,1999.023,2000.023,CLOSED,10
XAUUSD,2025-01-01T12:24:00Z,2000.024,2001.024,1999.024,2000.024,CLOSED,10
XAUUSD,2025-01-01T12:25:00Z,2000.025,2001.025,1999.025,2000.025,CLOSED,10
XAUUSD,2025-01-01T12:26:00Z,2000.026,2001.026,1999.026,2000.026,CLOSED,10
XAUUSD,2025-01-01T12:27:00Z,2000.027,2001.027,1999.027,2000.027,CLOSED,10
XAUUSD,2025-01-01T12:28:00Z,2000.028,2001.028,1999.028,2000.028,CLOSED,10
XAUUSD,2025-01-01T12:29:00Z,2000.029,2001.029,1999.029,2000.029,CLOSED,10
XAUUSD,2025-01-01T12:30:00Z,2000.03,2001.03,1999.03,2000.03,CLOSED,10
XAUUSD,2025-01-01T12:31:00Z,2000.031,2001.031,1999.031,2000.031,CLOSED,10
XAUUSD,2025-01-01T12:32:00Z,2000.032,2001.032,1999.032,2000.032,CLOSED,10
XAUUSD,2025-01-01T12:33:00Z,2000.033,2001.033,1999.033,2000.033,CLOSED,10
XAUUSD,2025-01-01T12:34:00Z,2000.034,2001.034,1999.034,2000.034,CLOSED,10
XAUUSD,2025-01-01T12:35:00Z,2000.035,2001.035,1999.035,2000.035,CLOSED,10
XAUUSD,2025-01-01T12:36:00Z,2000.036,2001.036,1999.036,2000.036,CLOSED,10
XAUUSD,2025-01-01T12:37:00Z,2000.037,2001.037,1999.037,2000.037,CLOSED,10
XAUUSD,2025-01-01T12:38:00Z,2000.038,2001.038,1999.038,2000.038,CLOSED,10
XAUUSD,2025-01-01T12:39:00Z,2000.039,2001.039,1999.039,2000.039,CLOSED,10
XAUUSD,2025-01-01T12:40:00Z,2000.04,2001.04,1999.04,2000.04,CLOSED,10
XAUUSD,2025-01-01T12:41:00Z,2000.041,2001.041,1999.041,2000.041,CLOSED,10
XAUUSD,2025-01-01T12:42:00Z,2000.042,2001.042,1999.042,2000.042,CLOSED,10
XAUUSD,2025-01-01T12:43:00Z,2000.043,2001.043,1999.043,2000.043,CLOSED,10
XAUUSD,2025-01-01T12:44:00Z,2000.044,2001.044,1999.044,2000.044,CLOSED,10
XAUUSD,2025-01-01T12:45:00Z,2000.045,2001.045,1999.045,2000.045,CLOSED,10
XAUUSD,2025-01-01T12:46:00Z,2000.046,2001.046,1999.046,2000.046,CLOSED,10
XAUUSD,2025-01-01T12:47:00Z,2000.047,2001.047,1999.047,2000.047,CLOSED,10
XAUUSD,2025-01-01T12:48:00Z,2000.048,2001.048,1999.048,2000.048,CLOSED,10
XAUUSD,2025-01-01T12:49:00Z,2000.049,2001.049,1999.049,2000.049,CLOSED,10
XAUUSD,2025-01-01T12:50:00Z,2000.05,2001.05,1999.05,2000.05,CLOSED,10
XAUUSD,2025-01-01T12:51:00Z,2000.051,2001.051,1999.051,2000.051,CLOSED,10
XAUUSD,2025-01-01T12:52:00Z,2000.052,2001.052,1999.052,2000.052,CLOSED,10
XAUUSD,2025-01-01T12:53:00Z,2000.053,2001.053,1999.053,2000.053,CLOSED,10
XAUUSD,2025-01-01T12:54:00Z,2000.054,2001.054,1999.054,2000.054,CLOSED,10
XAUUSD,2025-01-01T12:55:00Z,2000.055,2001.055,1999.055,2000.055,CLOSED,10
XAUUSD,2025-01-01T12:56:00Z,2000.056,2001.056,1999.056,2000.056,CLOSED,10
XAUUSD,2025-01-01T12:57:00Z,2000.057,2001.057,1999.057,2000.057,CLOSED,10
XAUUSD,2025-01-01T12:58:00Z,2000.058,2001.058,1999.058,2000.058,CLOSED,10
XAUUSD,2025-01-01T12:59:00Z,2000.059,2001.059,1999.059,2000.059,CLOSED,10
XAUUSD,2025-01-01T13:00:00Z,2000.06,2001.06,1999.06,2000.06,CLOSED,10
XAUUSD,2025-01-01T13:01:00Z,2000.061,2001.061,1999.061,2000.061,CLOSED,10
XAUUSD,2025-01-01T13:02:00Z,2000.062,2001.062,1999.062,2000.062,CLOSED,10
XAUUSD,2025-01-01T13:03:00Z,2000.063,2001.063,1999.063,2000.063,CLOSED,10
XAUUSD,2025-01-01T13:04:00Z,2000.064,2001.064,1999.064,2000.064,CLOSED,10
XAUUSD,2025-01-01T13:05:00Z,2000.065,2001.065,1999.065,2000.065,CLOSED,10
XAUUSD,2025-01-01T13:06:00Z,2000.066,2001.066,1999.066,2000.066,CLOSED,10
XAUUSD,2025-01-01T13:07:00Z,2000.067,2001.067,1999.067,2000.067,CLOSED,10
XAUUSD,2025-01-01T13:08:00Z,2000.068,2001.068,1999.068,2000.068,CLOSED,10
XAUUSD,2025-01-01T13:09:00Z,2000.069,2001.069,1999.069,2000.069,CLOSED,10
XAUUSD,2025-01-01T13:10:00Z,2000.07,2001.07,1999.07,2000.07,CLOSED,10
XAUUSD,2025-01-01T13:11:00Z,2000.071,2001.071,1999.071,2000.071,CLOSED,10
XAUUSD,2025-01-01T13:12:00Z,2000.072,2001.072,1999.072,2000.072,CLOSED,10
XAUUSD,2025-01-01T13:13:00Z,2000.073,2001.073,1999.073,2000.073,CLOSED,10
XAUUSD,2025-01-01T13:14:00Z,2000.074,2001.074,1999.074,2000.074,CLOSED,10
XAUUSD,2025-01-01T13:15:00Z,2000.075,2001.075,1999.075,2000.075,CLOSED,10
XAUUSD,2025-01-01T13:16:00Z,2000.076,2001.076,1999.076,2000.076,CLOSED,10
XAUUSD,2025-01-01T13:17:00Z,2000.077,2001.077,1999.077,2000.077,CLOSED,10
XAUUSD,2025-01-01T13:18:00Z,2000.078,2001.078,1999.078,2000.078,CLOSED,10
XAUUSD,2025-01-01T13:19:00Z,2000.079,2001.079,1999.079,2000.079,CLOSED,10
XAUUSD,2025-01-01T13:20:00Z,2000.08,2001.08,1999.08,2000.08,CLOSED,10
XAUUSD,2025-01-01T13:21:00Z,2000.081,2001.081,1999.081,2000.081,CLOSED,10
XAUUSD,2025-01-01T13:22:00Z,2000.082,2001.082,1999.082,2000.082,CLOSED,10
XAUUSD,2025-01-01T13:23:00Z,2000.083,2001.083,1999.083,2000.083,CLOSED,10
XAUUSD,2025-01-01T13:24:00Z,2000.084,2001.084,1999.084,2000.084,CLOSED,10
XAUUSD,2025-01-01T13:25:00Z,2000.085,2001.085,1999.085,2000.085,CLOSED,10
XAUUSD,2025-01-01T13:26:00Z,2000.086,2001.086,1999.086,2000.086,CLOSED,10
XAUUSD,2025-01-01T13:27:00Z,2000.087,2001.087,1999.087,2000.087,CLOSED,10
XAUUSD,2025-01-01T13:28:00Z,2000.088,2001.088,1999.088,2000.088,CLOSED,10
XAUUSD,2025-01-01T13:29:00Z,2000.089,2001.089,1999.089,2000.089,CLOSED,10
XAUUSD,2025-01-01T13:30:00Z,2000.09,2001.09,1999.09,2000.09,CLOSED,10
XAUUSD,2025-01-01T13:31:00Z,2000.091,2001.091,1999.091,2000.091,CLOSED,10
XAUUSD,2025-01-01T13:32:00Z,2000.092,2001.092,1999.092,2000.092,CLOSED,10
XAUUSD,2025-01-01T13:33:00Z,2000.093,2001.093,1999.093,2000.093,CLOSED,10
XAUUSD,2025-01-01T13:34:00Z,2000.094,2001.094,1999.094,2000.094,CLOSED,10
XAUUSD,2025-01-01T13:35:00Z,2000.095,2001.095,1999.095,2000.095,CLOSED,10
XAUUSD,2025-01-01T13:36:00Z,2000.096,2001.096,1999.096,2000.096,CLOSED,10
XAUUSD,2025-01-01T13:37:00Z,2000.097,2001.097,1999.097,2000.097,CLOSED,10
XAUUSD,2025-01-01T13:38:00Z,2000.098,2001.098,1999.098,2000.098,CLOSED,10
XAUUSD,2025-01-01T13:39:00Z,2000.099,2001.099,1999.099,2000.099,CLOSED,10
XAUUSD,2025-01-01T13:40:00Z,2000.1,2001.1,1999.1,2000.1,CLOSED,10
XAUUSD,2025-01-01T13:41:00Z,2000.101,2001.101,1999.101,2000.101,CLOSED,10
XAUUSD,2025-01-01T13:42:00Z,2000.102,2001.102,1999.102,2000.102,CLOSED,10
XAUUSD,2025-01-01T13:43:00Z,2000.103,2001.103,1999.103,2000.103,CLOSED,10
XAUUSD,2025-01-01T13:44:00Z,2000.104,2001.104,1999.104,2000.104,CLOSED,10
XAUUSD,2025-01-01T13:45:00Z,2000.105,2001.105,1999.105,2000.105,CLOSED,10
XAUUSD,2025-01-01T13:46:00Z,2000.106,2001.106,1999.106,2000.106,CLOSED,10
XAUUSD,2025-01-01T13:47:00Z,2000.107,2001.107,1999.107,2000.107,CLOSED,10
XAUUSD,2025-01-01T13:48:00Z,2000.108,2001.108,1999.108,2000.108,CLOSED,10
XAUUSD,2025-01-01T13:49:00Z,2000.109,2001.109,1999.109,2000.109,CLOSED,10
XAUUSD,2025-01-01T13:50:00Z,2000.11,2001.11,1999.11,2000.11,CLOSED,10
XAUUSD,2025-01-01T13:51:00Z,2000.111,2001.111,1999.111,2000.111,CLOSED,10
XAUUSD,2025-01-01T13:52:00Z,2000.112,2001.112,1999.112,2000.112,CLOSED,10
XAUUSD,2025-01-01T13:53:00Z,2000.113,2001.113,1999.113,2000.113,CLOSED,10
XAUUSD,2025-01-01T13:54:00Z,2000.114,2001.114,1999.114,2000.114,CLOSED,10
XAUUSD,2025-01-01T13:55:00Z,2000.115,2001.115,1999.115,2000.115,CLOSED,10
XAUUSD,2025-01-01T13:56:00Z,2000.116,2001.116,1999.116,2000.116,CLOSED,10
XAUUSD,2025-01-01T13:57:00Z,2000.117,2001.117,1999.117,2000.117,CLOSED,10
XAUUSD,2025-01-01T13:58:00Z,2000.118,2001.118,1999.118,2000.118,CLOSED,10
XAUUSD,2025-01-01T13:59:00Z,2000.119,2001.119,1999.119,2000.119,CLOSED,10
XAUUSD,2025-01-01T14:00:00Z,2000.12,2001.12,1999.12,2000.12,CLOSED,10
XAUUSD,2025-01-01T14:01:00Z,2000.121,2001.121,1999.121,2000.121,CLOSED,10
XAUUSD,2025-01-01T14:02:00Z,2000.122,2001.122,1999.122,2000.122,CLOSED,10
XAUUSD,2025-01-01T14:03:00Z,2000.123,2001.123,1999.123,2000.123,CLOSED,10
XAUUSD,2025-01-01T14:04:00Z,2000.124,2001.124,1999.124,2000.124,CLOSED,10
XAUUSD,2025-01-01T14:05:00Z,2000.125,2001.125,1999.125,2000.125,CLOSED,10
XAUUSD,2025-01-01T14:06:00Z,2000.126,2001.126,1999.126,2000.126,CLOSED,10
XAUUSD,2025-01-01T14:07:00Z,2000.127,2001.127,1999.127,2000.127,CLOSED,10
XAUUSD,2025-01-01T14:08:00Z,2000.128,2001.128,1999.128,2000.128,CLOSED,10
XAUUSD,2025-01-01T14:09:00Z,2000.129,2001.129,1999.129,2000.129,CLOSED,10
XAUUSD,2025-01-01T14:10:00Z,2000.13,2001.13,1999.13,2000.13,CLOSED,10
XAUUSD,2025-01-01T14:11:00Z,2000.131,2001.131,1999.131,2000.131,CLOSED,10
XAUUSD,2025-01-01T14:12:00Z,2000.132,2001.132,1999.132,2000.132,CLOSED,10
XAUUSD,2025-01-01T14:13:00Z,2000.133,2001.133,1999.133,2000.133,CLOSED,10
XAUUSD,2025-01-01T14:14:00Z,2000.134,2001.134,1999.134,2000.134,CLOSED,10
XAUUSD,2025-01-01T14:15:00Z,2000.135,2001.135,1999.135,2000.135,CLOSED,10
XAUUSD,2025-01-01T14:16:00Z,2000.136,2001.136,1999.136,2000.136,CLOSED,10
XAUUSD,2025-01-01T14:17:00Z,2000.137,2001.137,1999.137,2000.137,CLOSED,10
XAUUSD,2025-01-01T14:18:00Z,2000.138,2001.138,1999.138,2000.138,CLOSED,10
XAUUSD,2025-01-01T14:19:00Z,2000.139,2001.139,1999.139,2000.139,CLOSED,10
XAUUSD,2025-01-01T14:20:00Z,2000.14,2001.14,1999.14,2000.14,CLOSED,10
XAUUSD,2025-01-01T14:21:00Z,2000.141,2001.141,1999.141,2000.141,CLOSED,10
XAUUSD,2025-01-01T14:22:00Z,2000.142,2001.142,1999.142,2000.142,CLOSED,10
XAUUSD,2025-01-01T14:23:00Z,2000.143,2001.143,1999.143,2000.143,CLOSED,10
XAUUSD,2025-01-01T14:24:00Z,2000.144,2001.144,1999.144,2000.144,CLOSED,10
XAUUSD,2025-01-01T14:25:00Z,2000.145,2001.145,1999.145,2000.145,CLOSED,10
XAUUSD,2025-01-01T14:26:00Z,2000.146,2001.146,1999.146,2000.146,CLOSED,10
XAUUSD,2025-01-01T14:27:00Z,2000.147,2001.147,1999.147,2000.147,CLOSED,10
XAUUSD,2025-01-01T14:28:00Z,2000.148,2001.148,1999.148,2000.148,CLOSED,10
XAUUSD,2025-01-01T14:29:00Z,2000.149,2001.149,1999.149,2000.149,CLOSED,10
XAUUSD,2025-01-01T14:30:00Z,2000.15,2001.15,1999.15,2000.15,CLOSED,10
XAUUSD,2025-01-01T14:31:00Z,2000.151,2001.151,1999.151,2000.151,CLOSED,10
XAUUSD,2025-01-01T14:32:00Z,2000.152,2001.152,1999.152,2000.152,CLOSED,10
XAUUSD,2025-01-01T14:33:00Z,2000.153,2001.153,1999.153,2000.153,CLOSED,10
XAUUSD,2025-01-01T14:34:00Z,2000.154,2001.154,1999.154,2000.154,CLOSED,10
XAUUSD,2025-01-01T14:35:00Z,2000.155,2001.155,1999.155,2000.155,CLOSED,10
XAUUSD,2025-01-01T14:36:00Z,2000.156,2001.156,1999.156,2000.156,CLOSED,10
XAUUSD,2025-01-01T14:37:00Z,2000.157,2001.157,1999.157,2000.157,CLOSED,10
XAUUSD,2025-01-01T14:38:00Z,2000.158,2001.158,1999.158,2000.158,CLOSED,10
XAUUSD,2025-01-01T14:39:00Z,2000.159,2001.159,1999.159,2000.159,CLOSED,10
XAUUSD,2025-01-01T14:40:00Z,2000.16,2001.16,1999.16,2000.16,CLOSED,10
XAUUSD,2025-01-01T14:41:00Z,2000.161,2001.161,1999.161,2000.161,CLOSED,10
XAUUSD,2025-01-01T14:42:00Z,2000.162,2001.162,1999.162,2000.162,CLOSED,10
XAUUSD,2025-01-01T14:43:00Z,2000.163,2001.163,1999.163,2000.163,CLOSED,10
XAUUSD,2025-01-01T14:44:00Z,2000.164,2001.164,1999.164,2000.164,CLOSED,10
XAUUSD,2025-01-01T14:45:00Z,2000.165,2001.165,1999.165,2000.165,CLOSED,10
XAUUSD,2025-01-01T14:46:00Z,2000.166,2001.166,1999.166,2000.166,CLOSED,10
XAUUSD,2025-01-01T14:47:00Z,2000.167,2001.167,1999.167,2000.167,CLOSED,10
XAUUSD,2025-01-01T14:48:00Z,2000.168,2001.168,1999.168,2000.168,CLOSED,10
XAUUSD,2025-01-01T14:49:00Z,2000.169,2001.169,1999.169,2000.169,CLOSED,10
XAUUSD,2025-01-01T14:50:00Z,2000.17,2001.17,1999.17,2000.17,CLOSED,10
XAUUSD,2025-01-01T14:51:00Z,2000.171,2001.171,1999.171,2000.171,CLOSED,10
XAUUSD,2025-01-01T14:52:00Z,2000.172,2001.172,1999.172,2000.172,CLOSED,10
XAUUSD,2025-01-01T14:53:00Z,2000.173,2001.173,1999.173,2000.173,CLOSED,10
XAUUSD,2025-01-01T14:54:00Z,2000.174,2001.174,1999.174,2000.174,CLOSED,10
XAUUSD,2025-01-01T14:55:00Z,2000.175,2001.175,1999.175,2000.175,CLOSED,10
XAUUSD,2025-01-01T14:56:00Z,2000.176,2001.176,1999.176,2000.176,CLOSED,10
XAUUSD,2025-01-01T14:57:00Z,2000.177,2001.177,1999.177,2000.177,CLOSED,10
XAUUSD,2025-01-01T14:58:00Z,2000.178,2001.178,1999.178,2000.178,CLOSED,10
XAUUSD,2025-01-01T14:59:00Z,2000.179,2001.179,1999.179,2000.179,CLOSED,10
XAUUSD,2025-01-01T15:00:00Z,2000.18,2001.18,1999.18,2000.18,CLOSED,10
XAUUSD,2025-01-01T15:01:00Z,2000.181,2001.181,1999.181,2000.181,CLOSED,10
XAUUSD,2025-01-01T15:02:00Z,2000.182,2001.182,1999.182,2000.182,CLOSED,10
XAUUSD,2025-01-01T15:03:00Z,2000.183,2001.183,1999.183,2000.183,CLOSED,10
XAUUSD,2025-01-01T15:04:00Z,2000.184,2001.184,1999.184,2000.184,CLOSED,10
XAUUSD,2025-01-01T15:05:00Z,2000.185,2001.185,1999.185,2000.185,CLOSED,10
XAUUSD,2025-01-01T15:06:00Z,2000.186,2001.186,1999.186,2000.186,CLOSED,10
XAUUSD,2025-01-01T15:07:00Z,2000.187,2001.187,1999.187,2000.187,CLOSED,10
XAUUSD,2025-01-01T15:08:00Z,2000.188,2001.188,1999.188,2000.188,CLOSED,10
XAUUSD,2025-01-01T15:09:00Z,2000.189,2001.189,1999.189,2000.189,CLOSED,10
XAUUSD,2025-01-01T15:10:00Z,2000.19,2001.19,1999.19,2000.19,CLOSED,10
XAUUSD,2025-01-01T15:11:00Z,2000.191,2001.191,1999.191,2000.191,CLOSED,10
XAUUSD,2025-01-01T15:12:00Z,2000.192,2001.192,1999.192,2000.192,CLOSED,10
XAUUSD,2025-01-01T15:13:00Z,2000.193,2001.193,1999.193,2000.193,CLOSED,10
XAUUSD,2025-01-01T15:14:00Z,2000.194,2001.194,1999.194,2000.194,CLOSED,10
XAUUSD,2025-01-01T15:15:00Z,2000.195,2001.195,1999.195,2000.195,CLOSED,10
XAUUSD,2025-01-01T15:16:00Z,2000.196,2001.196,1999.196,2000.196,CLOSED,10
XAUUSD,2025-01-01T15:17:00Z,2000.197,2001.197,1999.197,2000.197,CLOSED,10
XAUUSD,2025-01-01T15:18:00Z,2000.198,2001.198,1999.198,2000.198,CLOSED,10
XAUUSD,2025-01-01T15:19:00Z,2000.199,2001.199,1999.199,2000.199,CLOSED,10
XAUUSD,2025-01-01T15:20:00Z,2000.2,2001.2,1999.2,2000.2,CLOSED,10
XAUUSD,2025-01-01T15:21:00Z,2000.201,2001.201,1999.201,2000.201,CLOSED,10
XAUUSD,2025-01-01T15:22:00Z,2000.202,2001.202,1999.202,2000.202,CLOSED,10
XAUUSD,2025-01-01T15:23:00Z,2000.203,2001.203,1999.203,2000.203,CLOSED,10
XAUUSD,2025-01-01T15:24:00Z,2000.204,2001.204,1999.204,2000.204,CLOSED,10
XAUUSD,2025-01-01T15:25:00Z,2000.205,2001.205,1999.205,2000.205,CLOSED,10
XAUUSD,2025-01-01T15:26:00Z,2000.206,2001.206,1999.206,2000.206,CLOSED,10
XAUUSD,2025-01-01T15:27:00Z,2000.207,2001.207,1999.207,2000.207,CLOSED,10
XAUUSD,2025-01-01T15:28:00Z,2000.208,2001.208,1999.208,2000.208,CLOSED,10
XAUUSD,2025-01-01T15:29:00Z,2000.209,2001.209,1999.209,2000.209,CLOSED,10
XAUUSD,2025-01-02T12:00:00Z,2000.3,2001.3,1999.3,2000.3,CLOSED,10
XAUUSD,2025-01-02T12:01:00Z,2000.301,2001.301,1999.301,2000.301,CLOSED,10
XAUUSD,2025-01-02T12:02:00Z,2000.302,2001.302,1999.302,2000.302,CLOSED,10
XAUUSD,2025-01-02T12:03:00Z,2000.3029999999999,2001.3029999999999,1999.3029999999999,2000.3029999999999,CLOSED,10
XAUUSD,2025-01-02T12:04:00Z,2000.3039999999999,2001.3039999999999,1999.3039999999999,2000.3039999999999,CLOSED,10
XAUUSD,2025-01-02T12:05:00Z,2000.305,2001.305,1999.305,2000.305,CLOSED,10
XAUUSD,2025-01-02T12:06:00Z,2000.306,2001.306,1999.306,2000.306,CLOSED,10
XAUUSD,2025-01-02T12:07:00Z,2000.307,2001.307,1999.307,2000.307,CLOSED,10
XAUUSD,2025-01-02T12:08:00Z,2000.308,2001.308,1999.308,2000.308,CLOSED,10
XAUUSD,2025-01-02T12:09:00Z,2000.309,2001.309,1999.309,2000.309,CLOSED,10
XAUUSD,2025-01-02T12:10:00Z,2000.31,2001.31,1999.31,2000.31,CLOSED,10
XAUUSD,2025-01-02T12:11:00Z,2000.311,2001.311,1999.311,2000.311,CLOSED,10
XAUUSD,2025-01-02T12:12:00Z,2000.312,2001.312,1999.312,2000.312,CLOSED,10
XAUUSD,2025-01-02T12:13:00Z,2000.3129999999999,2001.3129999999999,1999.3129999999999,2000.3129999999999,CLOSED,10
XAUUSD,2025-01-02T12:14:00Z,2000.3139999999999,2001.3139999999999,1999.3139999999999,2000.3139999999999,CLOSED,10
XAUUSD,2025-01-02T12:15:00Z,2000.315,2001.315,1999.315,2000.315,CLOSED,10
XAUUSD,2025-01-02T12:16:00Z,2000.316,2001.316,1999.316,2000.316,CLOSED,10
XAUUSD,2025-01-02T12:17:00Z,2000.317,2001.317,1999.317,2000.317,CLOSED,10
XAUUSD,2025-01-02T12:18:00Z,2000.318,2001.318,1999.318,2000.318,CLOSED,10
XAUUSD,2025-01-02T12:19:00Z,2000.319,2001.319,1999.319,2000.319,CLOSED,10
XAUUSD,2025-01-02T12:20:00Z,2000.32,2001.32,1999.32,2000.32,CLOSED,10
XAUUSD,2025-01-02T12:21:00Z,2000.321,2001.321,1999.321,2000.321,CLOSED,10
XAUUSD,2025-01-02T12:22:00Z,2000.322,2001.322,1999.322,2000.322,CLOSED,10
XAUUSD,2025-01-02T12:23:00Z,2000.3229999999999,2001.3229999999999,1999.3229999999999,2000.3229999999999,CLOSED,10
XAUUSD,2025-01-02T12:24:00Z,2000.3239999999998,2001.3239999999998,1999.3239999999998,2000.3239999999998,CLOSED,10
XAUUSD,2025-01-02T12:25:00Z,2000.325,2001.325,1999.325,2000.325,CLOSED,10
XAUUSD,2025-01-02T12:26:00Z,2000.326,2001.326,1999.326,2000.326,CLOSED,10
XAUUSD,2025-01-02T12:27:00Z,2000.327,2001.327,1999.327,2000.327,CLOSED,10
XAUUSD,2025-01-02T12:28:00Z,2000.328,2001.328,1999.328,2000.328,CLOSED,10
XAUUSD,2025-01-02T12:29:00Z,2000.329,2001.329,1999.329,2000.329,CLOSED,10
XAUUSD,2025-01-02T12:30:00Z,2000.33,2001.33,1999.33,2000.33,CLOSED,10
XAUUSD,2025-01-02T12:31:00Z,2000.331,2001.331,1999.331,2000.331,CLOSED,10
XAUUSD,2025-01-02T12:32:00Z,2000.3319999999999,2001.3319999999999,1999.3319999999999,2000.3319999999999,CLOSED,10
XAUUSD,2025-01-02T12:33:00Z,2000.3329999999999,2001.3329999999999,1999.3329999999999,2000.3329999999999,CLOSED,10
XAUUSD,2025-01-02T12:34:00Z,2000.334,2001.334,1999.334,2000.334,CLOSED,10
XAUUSD,2025-01-02T12:35:00Z,2000.335,2001.335,1999.335,2000.335,CLOSED,10
XAUUSD,2025-01-02T12:36:00Z,2000.336,2001.336,1999.336,2000.336,CLOSED,10
XAUUSD,2025-01-02T12:37:00Z,2000.337,2001.337,1999.337,2000.337,CLOSED,10
XAUUSD,2025-01-02T12:38:00Z,2000.338,2001.338,1999.338,2000.338,CLOSED,10
XAUUSD,2025-01-02T12:39:00Z,2000.339,2001.339,1999.339,2000.339,CLOSED,10
XAUUSD,2025-01-02T12:40:00Z,2000.34,2001.34,1999.34,2000.34,CLOSED,10
XAUUSD,2025-01-02T12:41:00Z,2000.341,2001.341,1999.341,2000.341,CLOSED,10
XAUUSD,2025-01-02T12:42:00Z,2000.3419999999999,2001.3419999999999,1999.3419999999999,2000.3419999999999,CLOSED,10
XAUUSD,2025-01-02T12:43:00Z,2000.3429999999998,2001.3429999999998,1999.3429999999998,2000.3429999999998,CLOSED,10
XAUUSD,2025-01-02T12:44:00Z,2000.344,2001.344,1999.344,2000.344,CLOSED,10
XAUUSD,2025-01-02T12:45:00Z,2000.345,2001.345,1999.345,2000.345,CLOSED,10
XAUUSD,2025-01-02T12:46:00Z,2000.346,2001.346,1999.346,2000.346,CLOSED,10
XAUUSD,2025-01-02T12:47:00Z,2000.347,2001.347,1999.347,2000.347,CLOSED,10
XAUUSD,2025-01-02T12:48:00Z,2000.348,2001.348,1999.348,2000.348,CLOSED,10
XAUUSD,2025-01-02T12:49:00Z,2000.349,2001.349,1999.349,2000.349,CLOSED,10
XAUUSD,2025-01-02T12:50:00Z,2000.35,2001.35,1999.35,2000.35,CLOSED,10
XAUUSD,2025-01-02T12:51:00Z,2000.3509999999999,2001.3509999999999,1999.3509999999999,2000.3509999999999,CLOSED,10
XAUUSD,2025-01-02T12:52:00Z,2000.3519999999999,2001.3519999999999,1999.3519999999999,2000.3519999999999,CLOSED,10
XAUUSD,2025-01-02T12:53:00Z,2000.353,2001.353,1999.353,2000.353,CLOSED,10
XAUUSD,2025-01-02T12:54:00Z,2000.354,2001.354,1999.354,2000.354,CLOSED,10
XAUUSD,2025-01-02T12:55:00Z,2000.355,2001.355,1999.355,2000.355,CLOSED,10
XAUUSD,2025-01-02T12:56:00Z,2000.356,2001.356,1999.356,2000.356,CLOSED,10
XAUUSD,2025-01-02T12:57:00Z,2000.357,2001.357,1999.357,2000.357,CLOSED,10
XAUUSD,2025-01-02T12:58:00Z,2000.358,2001.358,1999.358,2000.358,CLOSED,10
XAUUSD,2025-01-02T12:59:00Z,2000.359,2001.359,1999.359,2000.359,CLOSED,10
XAUUSD,2025-01-02T13:00:00Z,2000.36,2001.36,1999.36,2000.36,CLOSED,10
XAUUSD,2025-01-02T13:01:00Z,2000.3609999999999,2001.3609999999999,1999.3609999999999,2000.3609999999999,CLOSED,10
XAUUSD,2025-01-02T13:02:00Z,2000.3619999999999,2001.3619999999999,1999.3619999999999,2000.3619999999999,CLOSED,10
XAUUSD,2025-01-02T13:03:00Z,2000.363,2001.363,1999.363,2000.363,CLOSED,10
XAUUSD,2025-01-02T13:04:00Z,2000.364,2001.364,1999.364,2000.364,CLOSED,10
XAUUSD,2025-01-02T13:05:00Z,2000.365,2001.365,1999.365,2000.365,CLOSED,10
XAUUSD,2025-01-02T13:06:00Z,2000.366,2001.366,1999.366,2000.366,CLOSED,10
XAUUSD,2025-01-02T13:07:00Z,2000.367,2001.367,1999.367,2000.367,CLOSED,10
XAUUSD,2025-01-02T13:08:00Z,2000.368,2001.368,1999.368,2000.368,CLOSED,10
XAUUSD,2025-01-02T13:09:00Z,2000.369,2001.369,1999.369,2000.369,CLOSED,10
XAUUSD,2025-01-02T13:10:00Z,2000.37,2001.37,1999.37,2000.37,CLOSED,10
XAUUSD,2025-01-02T13:11:00Z,2000.3709999999999,2001.3709999999999,1999.3709999999999,2000.3709999999999,CLOSED,10
XAUUSD,2025-01-02T13:12:00Z,2000.3719999999998,2001.3719999999998,1999.3719999999998,2000.3719999999998,CLOSED,10
XAUUSD,2025-01-02T13:13:00Z,2000.373,2001.373,1999.373,2000.373,CLOSED,10
XAUUSD,2025-01-02T13:14:00Z,2000.374,2001.374,1999.374,2000.374,CLOSED,10
XAUUSD,2025-01-02T13:15:00Z,2000.375,2001.375,1999.375,2000.375,CLOSED,10
XAUUSD,2025-01-02T13:16:00Z,2000.376,2001.376,1999.376,2000.376,CLOSED,10
XAUUSD,2025-01-02T13:17:00Z,2000.377,2001.377,1999.377,2000.377,CLOSED,10
XAUUSD,2025-01-02T13:18:00Z,2000.378,2001.378,1999.378,2000.378,CLOSED,10
XAUUSD,2025-01-02T13:19:00Z,2000.379,2001.379,1999.379,2000.379,CLOSED,10
XAUUSD,2025-01-02T13:20:00Z,2000.3799999999999,2001.3799999999999,1999.3799999999999,2000.3799999999999,CLOSED,10
XAUUSD,2025-01-02T13:21:00Z,2000.3809999999999,2001.3809999999999,1999.3809999999999,2000.3809999999999,CLOSED,10
XAUUSD,2025-01-02T13:22:00Z,2000.382,2001.382,1999.382,2000.382,CLOSED,10
XAUUSD,2025-01-02T13:23:00Z,2000.383,2001.383,1999.383,2000.383,CLOSED,10
XAUUSD,2025-01-02T13:24:00Z,2000.384,2001.384,1999.384,2000.384,CLOSED,10
XAUUSD,2025-01-02T13:25:00Z,2000.385,2001.385,1999.385,2000.385,CLOSED,10
XAUUSD,2025-01-02T13:26:00Z,2000.386,2001.386,1999.386,2000.386,CLOSED,10
XAUUSD,2025-01-02T13:27:00Z,2000.387,2001.387,1999.387,2000.387,CLOSED,10
XAUUSD,2025-01-02T13:28:00Z,2000.388,2001.388,1999.388,2000.388,CLOSED,10
XAUUSD,2025-01-02T13:29:00Z,2000.389,2001.389,1999.389,2000.389,CLOSED,10
XAUUSD,2025-01-02T13:30:00Z,2005.3899999999999,2006.3899999999999,2004.3899999999999,2005.3899999999999,CLOSED,10
XAUUSD,2025-01-02T13:31:00Z,2005.3909999999998,2006.3909999999998,2004.3909999999998,2005.3909999999998,CLOSED,10
XAUUSD,2025-01-02T13:32:00Z,2005.392,2006.392,2004.392,2005.392,CLOSED,10
XAUUSD,2025-01-02T13:33:00Z,2005.393,2006.393,2004.393,2005.393,CLOSED,10
XAUUSD,2025-01-02T13:34:00Z,2005.394,2006.394,2004.394,2005.394,CLOSED,10
XAUUSD,2025-01-02T13:35:00Z,2005.395,2006.395,2004.395,2005.395,CLOSED,10
XAUUSD,2025-01-02T13:36:00Z,2005.396,2006.396,2004.396,2005.396,CLOSED,10
XAUUSD,2025-01-02T13:37:00Z,2005.397,2006.397,2004.397,2005.397,CLOSED,10
XAUUSD,2025-01-02T13:38:00Z,2005.398,2006.398,2004.398,2005.398,CLOSED,10
XAUUSD,2025-01-02T13:39:00Z,2005.399,2006.399,2004.399,2005.399,CLOSED,10
XAUUSD,2025-01-02T13:40:00Z,2005.3999999999999,2006.3999999999999,2004.3999999999999,2005.3999999999999,CLOSED,10
XAUUSD,2025-01-02T13:41:00Z,2005.401,2006.401,2004.401,2005.401,CLOSED,10
XAUUSD,2025-01-02T13:42:00Z,2005.402,2006.402,2004.402,2005.402,CLOSED,10
XAUUSD,2025-01-02T13:43:00Z,2005.403,2006.403,2004.403,2005.403,CLOSED,10
XAUUSD,2025-01-02T13:44:00Z,2005.404,2006.404,2004.404,2005.404,CLOSED,10
XAUUSD,2025-01-02T13:45:00Z,2005.405,2006.405,2004.405,2005.405,CLOSED,10
XAUUSD,2025-01-02T13:46:00Z,2005.406,2006.406,2004.406,2005.406,CLOSED,10
XAUUSD,2025-01-02T13:47:00Z,2005.407,2006.407,2004.407,2005.407,CLOSED,10
XAUUSD,2025-01-02T13:48:00Z,2005.408,2006.408,2004.408,2005.408,CLOSED,10
XAUUSD,2025-01-02T13:49:00Z,2005.4089999999999,2006.4089999999999,2004.4089999999999,2005.4089999999999,CLOSED,10
XAUUSD,2025-01-02T13:50:00Z,2005.4099999999999,2006.4099999999999,2004.4099999999999,2005.4099999999999,CLOSED,10
XAUUSD,2025-01-02T13:51:00Z,2005.411,2006.411,2004.411,2005.411,CLOSED,10
XAUUSD,2025-01-02T13:52:00Z,2005.412,2006.412,2004.412,2005.412,CLOSED,10
XAUUSD,2025-01-02T13:53:00Z,2005.413,2006.413,2004.413,2005.413,CLOSED,10
XAUUSD,2025-01-02T13:54:00Z,2005.414,2006.414,2004.414,2005.414,CLOSED,10
XAUUSD,2025-01-02T13:55:00Z,2005.415,2006.415,2004.415,2005.415,CLOSED,10
XAUUSD,2025-01-02T13:56:00Z,2005.416,2006.416,2004.416,2005.416,CLOSED,10
XAUUSD,2025-01-02T13:57:00Z,2005.417,2006.417,2004.417,2005.417,CLOSED,10
XAUUSD,2025-01-02T13:58:00Z,2005.418,2006.418,2004.418,2005.418,CLOSED,10
XAUUSD,2025-01-02T13:59:00Z,2005.4189999999999,2006.4189999999999,2004.4189999999999,2005.4189999999999,CLOSED,10
XAUUSD,2025-01-02T14:00:00Z,2005.4199999999998,2006.4199999999998,2004.4199999999998,2005.4199999999998,CLOSED,10
XAUUSD,2025-01-02T14:01:00Z,2005.421,2006.421,2004.421,2005.421,CLOSED,10
XAUUSD,2025-01-02T14:02:00Z,2005.422,2006.422,2004.422,2005.422,CLOSED,10
XAUUSD,2025-01-02T14:03:00Z,2005.423,2006.423,2004.423,2005.423,CLOSED,10
XAUUSD,2025-01-02T14:04:00Z,2005.424,2006.424,2004.424,2005.424,CLOSED,10
XAUUSD,2025-01-02T14:05:00Z,2005.425,2006.425,2004.425,2005.425,CLOSED,10
XAUUSD,2025-01-02T14:06:00Z,2005.426,2006.426,2004.426,2005.426,CLOSED,10
XAUUSD,2025-01-02T14:07:00Z,2005.427,2006.427,2004.427,2005.427,CLOSED,10
XAUUSD,2025-01-02T14:08:00Z,2005.4279999999999,2006.4279999999999,2004.4279999999999,2005.4279999999999,CLOSED,10
XAUUSD,2025-01-02T14:09:00Z,2005.4289999999999,2006.4289999999999,2004.4289999999999,2005.4289999999999,CLOSED,10
XAUUSD,2025-01-02T14:10:00Z,2005.43,2006.43,2004.43,2005.43,CLOSED,10
XAUUSD,2025-01-02T14:11:00Z,2005.431,2006.431,2004.431,2005.431,CLOSED,10
XAUUSD,2025-01-02T14:12:00Z,2005.432,2006.432,2004.432,2005.432,CLOSED,10
XAUUSD,2025-01-02T14:13:00Z,2005.433,2006.433,2004.433,2005.433,CLOSED,10
XAUUSD,2025-01-02T14:14:00Z,2005.434,2006.434,2004.434,2005.434,CLOSED,10
XAUUSD,2025-01-02T14:15:00Z,2005.435,2006.435,2004.435,2005.435,CLOSED,10
XAUUSD,2025-01-02T14:16:00Z,2005.436,2006.436,2004.436,2005.436,CLOSED,10
XAUUSD,2025-01-02T14:17:00Z,2005.437,2006.437,2004.437,2005.437,CLOSED,10
XAUUSD,2025-01-02T14:18:00Z,2005.4379999999999,2006.4379999999999,2004.4379999999999,2005.4379999999999,CLOSED,10
XAUUSD,2025-01-02T14:19:00Z,2005.4389999999999,2006.4389999999999,2004.4389999999999,2005.4389999999999,CLOSED,10
XAUUSD,2025-01-02T14:20:00Z,2005.44,2006.44,2004.44,2005.44,CLOSED,10
XAUUSD,2025-01-02T14:21:00Z,2005.441,2006.441,2004.441,2005.441,CLOSED,10
XAUUSD,2025-01-02T14:22:00Z,2005.442,2006.442,2004.442,2005.442,CLOSED,10
XAUUSD,2025-01-02T14:23:00Z,2005.443,2006.443,2004.443,2005.443,CLOSED,10
XAUUSD,2025-01-02T14:24:00Z,2005.444,2006.444,2004.444,2005.444,CLOSED,10
XAUUSD,2025-01-02T14:25:00Z,2005.445,2006.445,2004.445,2005.445,CLOSED,10
XAUUSD,2025-01-02T14:26:00Z,2005.446,2006.446,2004.446,2005.446,CLOSED,10
XAUUSD,2025-01-02T14:27:00Z,2005.447,2006.447,2004.447,2005.447,CLOSED,10
XAUUSD,2025-01-02T14:28:00Z,2005.4479999999999,2006.4479999999999,2004.4479999999999,2005.4479999999999,CLOSED,10
XAUUSD,2025-01-02T14:29:00Z,2005.4489999999998,2006.4489999999998,2004.4489999999998,2005.4489999999998,CLOSED,10
XAUUSD,2025-01-02T14:30:00Z,2005.45,2006.45,2004.45,2005.45,CLOSED,10
XAUUSD,2025-01-02T14:31:00Z,2005.451,2006.451,2004.451,2005.451,CLOSED,10
XAUUSD,2025-01-02T14:32:00Z,2005.452,2006.452,2004.452,2005.452,CLOSED,10
XAUUSD,2025-01-02T14:33:00Z,2005.453,2006.453,2004.453,2005.453,CLOSED,10
XAUUSD,2025-01-02T14:34:00Z,2005.454,2006.454,2004.454,2005.454,CLOSED,10
XAUUSD,2025-01-02T14:35:00Z,2005.455,2006.455,2004.455,2005.455,CLOSED,10
XAUUSD,2025-01-02T14:36:00Z,2005.456,2006.456,2004.456,2005.456,CLOSED,10
XAUUSD,2025-01-02T14:37:00Z,2005.4569999999999,2006.4569999999999,2004.4569999999999,2005.4569999999999,CLOSED,10
XAUUSD,2025-01-02T14:38:00Z,2005.4579999999999,2006.4579999999999,2004.4579999999999,2005.4579999999999,CLOSED,10
XAUUSD,2025-01-02T14:39:00Z,2005.459,2006.459,2004.459,2005.459,CLOSED,10
XAUUSD,2025-01-02T14:40:00Z,2005.46,2006.46,2004.46,2005.46,CLOSED,10
XAUUSD,2025-01-02T14:41:00Z,2005.461,2006.461,2004.461,2005.461,CLOSED,10
XAUUSD,2025-01-02T14:42:00Z,2005.462,2006.462,2004.462,2005.462,CLOSED,10
XAUUSD,2025-01-02T14:43:00Z,2005.463,2006.463,2004.463,2005.463,CLOSED,10
XAUUSD,2025-01-02T14:44:00Z,2005.464,2006.464,2004.464,2005.464,CLOSED,10
XAUUSD,2025-01-02T14:45:00Z,2005.465,2006.465,2004.465,2005.465,CLOSED,10
XAUUSD,2025-01-02T14:46:00Z,2005.466,2006.466,2004.466,2005.466,CLOSED,10
XAUUSD,2025-01-02T14:47:00Z,2005.4669999999999,2006.4669999999999,2004.4669999999999,2005.4669999999999,CLOSED,10
XAUUSD,2025-01-02T14:48:00Z,2005.4679999999998,2006.4679999999998,2004.4679999999998,2005.4679999999998,CLOSED,10
XAUUSD,2025-01-02T14:49:00Z,2005.469,2006.469,2004.469,2005.469,CLOSED,10
XAUUSD,2025-01-02T14:50:00Z,2005.47,2006.47,2004.47,2005.47,CLOSED,10
XAUUSD,2025-01-02T14:51:00Z,2005.471,2006.471,2004.471,2005.471,CLOSED,10
XAUUSD,2025-01-02T14:52:00Z,2005.472,2006.472,2004.472,2005.472,CLOSED,10
XAUUSD,2025-01-02T14:53:00Z,2005.473,2006.473,2004.473,2005.473,CLOSED,10
XAUUSD,2025-01-02T14:54:00Z,2005.474,2006.474,2004.474,2005.474,CLOSED,10
XAUUSD,2025-01-02T14:55:00Z,2005.475,2006.475,2004.475,2005.475,CLOSED,10
XAUUSD,2025-01-02T14:56:00Z,2005.4759999999999,2006.4759999999999,2004.4759999999999,2005.4759999999999,CLOSED,10
XAUUSD,2025-01-02T14:57:00Z,2005.4769999999999,2006.4769999999999,2004.4769999999999,2005.4769999999999,CLOSED,10
XAUUSD,2025-01-02T14:58:00Z,2005.478,2006.478,2004.478,2005.478,CLOSED,10
XAUUSD,2025-01-02T14:59:00Z,2005.479,2006.479,2004.479,2005.479,CLOSED,10
XAUUSD,2025-01-02T15:00:00Z,2005.48,2006.48,2004.48,2005.48,CLOSED,10
XAUUSD,2025-01-02T15:01:00Z,2005.481,2006.481,2004.481,2005.481,CLOSED,10
XAUUSD,2025-01-02T15:02:00Z,2005.482,2006.482,2004.482,2005.482,CLOSED,10
XAUUSD,2025-01-02T15:03:00Z,2005.483,2006.483,2004.483,2005.483,CLOSED,10
XAUUSD,2025-01-02T15:04:00Z,2005.484,2006.484,2004.484,2005.484,CLOSED,10
XAUUSD,2025-01-02T15:05:00Z,2005.485,2006.485,2004.485,2005.485,CLOSED,10
XAUUSD,2025-01-02T15:06:00Z,2005.4859999999999,2006.4859999999999,2004.4859999999999,2005.4859999999999,CLOSED,10
XAUUSD,2025-01-02T15:07:00Z,2005.4869999999999,2006.4869999999999,2004.4869999999999,2005.4869999999999,CLOSED,10
XAUUSD,2025-01-02T15:08:00Z,2005.488,2006.488,2004.488,2005.488,CLOSED,10
XAUUSD,2025-01-02T15:09:00Z,2005.489,2006.489,2004.489,2005.489,CLOSED,10
XAUUSD,2025-01-02T15:10:00Z,2005.49,2006.49,2004.49,2005.49,CLOSED,10
XAUUSD,2025-01-02T15:11:00Z,2005.491,2006.491,2004.491,2005.491,CLOSED,10
XAUUSD,2025-01-02T15:12:00Z,2005.492,2006.492,2004.492,2005.492,CLOSED,10
XAUUSD,2025-01-02T15:13:00Z,2005.493,2006.493,2004.493,2005.493,CLOSED,10
XAUUSD,2025-01-02T15:14:00Z,2005.494,2006.494,2004.494,2005.494,CLOSED,10
XAUUSD,2025-01-02T15:15:00Z,2005.495,2006.495,2004.495,2005.495,CLOSED,10
XAUUSD,2025-01-02T15:16:00Z,2005.4959999999999,2006.4959999999999,2004.4959999999999,2005.4959999999999,CLOSED,10
XAUUSD,2025-01-02T15:17:00Z,2005.4969999999998,2006.4969999999998,2004.4969999999998,2005.4969999999998,CLOSED,10
XAUUSD,2025-01-02T15:18:00Z,2005.498,2006.498,2004.498,2005.498,CLOSED,10
XAUUSD,2025-01-02T15:19:00Z,2005.499,2006.499,2004.499,2005.499,CLOSED,10
XAUUSD,2025-01-02T15:20:00Z,2005.5,2006.5,2004.5,2005.5,CLOSED,10
XAUUSD,2025-01-02T15:21:00Z,2005.501,2006.501,2004.501,2005.501,CLOSED,10
XAUUSD,2025-01-02T15:22:00Z,2005.502,2006.502,2004.502,2005.502,CLOSED,10
XAUUSD,2025-01-02T15:23:00Z,2005.503,2006.503,2004.503,2005.503,CLOSED,10
XAUUSD,2025-01-02T15:24:00Z,2005.504,2006.504,2004.504,2005.504,CLOSED,10
XAUUSD,2025-01-02T15:25:00Z,2005.5049999999999,2006.5049999999999,2004.5049999999999,2005.5049999999999,CLOSED,10
XAUUSD,2025-01-02T15:26:00Z,2005.5059999999999,2006.5059999999999,2004.5059999999999,2005.5059999999999,CLOSED,10
XAUUSD,2025-01-02T15:27:00Z,2005.507,2006.507,2004.507,2005.507,CLOSED,10
XAUUSD,2025-01-02T15:28:00Z,2005.508,2006.508,2004.508,2005.508,CLOSED,10
XAUUSD,2025-01-02T15:29:00Z,2005.509,2006.509,2004.509,2005.509,CLOSED,10
XAUUSD,2025-01-03T12:00:00Z,2000.6,2001.6,1999.6,2000.6,CLOSED,10
XAUUSD,2025-01-03T12:01:00Z,2000.6009999999999,2001.6009999999999,1999.6009999999999,2000.6009999999999,CLOSED,10
XAUUSD,2025-01-03T12:02:00Z,2000.6019999999999,2001.6019999999999,1999.6019999999999,2000.6019999999999,CLOSED,10
XAUUSD,2025-01-03T12:03:00Z,2000.6029999999998,2001.6029999999998,1999.6029999999998,2000.6029999999998,CLOSED,10
XAUUSD,2025-01-03T12:04:00Z,2000.6039999999998,2001.6039999999998,1999.6039999999998,2000.6039999999998,CLOSED,10
XAUUSD,2025-01-03T12:05:00Z,2000.605,2001.605,1999.605,2000.605,CLOSED,10
XAUUSD,2025-01-03T12:06:00Z,2000.606,2001.606,1999.606,2000.606,CLOSED,10
XAUUSD,2025-01-03T12:07:00Z,2000.607,2001.607,1999.607,2000.607,CLOSED,10
XAUUSD,2025-01-03T12:08:00Z,2000.608,2001.608,1999.608,2000.608,CLOSED,10
XAUUSD,2025-01-03T12:09:00Z,2000.609,2001.609,1999.609,2000.609,CLOSED,10
XAUUSD,2025-01-03T12:10:00Z,2000.61,2001.61,1999.61,2000.61,CLOSED,10
XAUUSD,2025-01-03T12:11:00Z,2000.6109999999999,2001.6109999999999,1999.6109999999999,2000.6109999999999,CLOSED,10
XAUUSD,2025-01-03T12:12:00Z,2000.6119999999999,2001.6119999999999,1999.6119999999999,2000.6119999999999,CLOSED,10
XAUUSD,2025-01-03T12:13:00Z,2000.6129999999998,2001.6129999999998,1999.6129999999998,2000.6129999999998,CLOSED,10
XAUUSD,2025-01-03T12:14:00Z,2000.6139999999998,2001.6139999999998,1999.6139999999998,2000.6139999999998,CLOSED,10
XAUUSD,2025-01-03T12:15:00Z,2000.615,2001.615,1999.615,2000.615,CLOSED,10
XAUUSD,2025-01-03T12:16:00Z,2000.616,2001.616,1999.616,2000.616,CLOSED,10
XAUUSD,2025-01-03T12:17:00Z,2000.617,2001.617,1999.617,2000.617,CLOSED,10
XAUUSD,2025-01-03T12:18:00Z,2000.618,2001.618,1999.618,2000.618,CLOSED,10
XAUUSD,2025-01-03T12:19:00Z,2000.619,2001.619,1999.619,2000.619,CLOSED,10
XAUUSD,2025-01-03T12:20:00Z,2000.62,2001.62,1999.62,2000.62,CLOSED,10
XAUUSD,2025-01-03T12:21:00Z,2000.6209999999999,2001.6209999999999,1999.6209999999999,2000.6209999999999,CLOSED,10
XAUUSD,2025-01-03T12:22:00Z,2000.6219999999998,2001.6219999999998,1999.6219999999998,2000.6219999999998,CLOSED,10
XAUUSD,2025-01-03T12:23:00Z,2000.6229999999998,2001.6229999999998,1999.6229999999998,2000.6229999999998,CLOSED,10
XAUUSD,2025-01-03T12:24:00Z,2000.6239999999998,2001.6239999999998,1999.6239999999998,2000.6239999999998,CLOSED,10
XAUUSD,2025-01-03T12:25:00Z,2000.625,2001.625,1999.625,2000.625,CLOSED,10
XAUUSD,2025-01-03T12:26:00Z,2000.626,2001.626,1999.626,2000.626,CLOSED,10
XAUUSD,2025-01-03T12:27:00Z,2000.627,2001.627,1999.627,2000.627,CLOSED,10
XAUUSD,2025-01-03T12:28:00Z,2000.628,2001.628,1999.628,2000.628,CLOSED,10
XAUUSD,2025-01-03T12:29:00Z,2000.629,2001.629,1999.629,2000.629,CLOSED,10
XAUUSD,2025-01-03T12:30:00Z,2000.6299999999999,2001.6299999999999,1999.6299999999999,2000.6299999999999,CLOSED,10
XAUUSD,2025-01-03T12:31:00Z,2000.6309999999999,2001.6309999999999,1999.6309999999999,2000.6309999999999,CLOSED,10
XAUUSD,2025-01-03T12:32:00Z,2000.6319999999998,2001.6319999999998,1999.6319999999998,2000.6319999999998,CLOSED,10
XAUUSD,2025-01-03T12:33:00Z,2000.6329999999998,2001.6329999999998,1999.6329999999998,2000.6329999999998,CLOSED,10
XAUUSD,2025-01-03T12:34:00Z,2000.634,2001.634,1999.634,2000.634,CLOSED,10
XAUUSD,2025-01-03T12:35:00Z,2000.635,2001.635,1999.635,2000.635,CLOSED,10
XAUUSD,2025-01-03T12:36:00Z,2000.636,2001.636,1999.636,2000.636,CLOSED,10
XAUUSD,2025-01-03T12:37:00Z,2000.637,2001.637,1999.637,2000.637,CLOSED,10
XAUUSD,2025-01-03T12:38:00Z,2000.638,2001.638,1999.638,2000.638,CLOSED,10
XAUUSD,2025-01-03T12:39:00Z,2000.639,2001.639,1999.639,2000.639,CLOSED,10
XAUUSD,2025-01-03T12:40:00Z,2000.6399999999999,2001.6399999999999,1999.6399999999999,2000.6399999999999,CLOSED,10
XAUUSD,2025-01-03T12:41:00Z,2000.6409999999998,2001.6409999999998,1999.6409999999998,2000.6409999999998,CLOSED,10
XAUUSD,2025-01-03T12:42:00Z,2000.6419999999998,2001.6419999999998,1999.6419999999998,2000.6419999999998,CLOSED,10
XAUUSD,2025-01-03T12:43:00Z,2000.6429999999998,2001.6429999999998,1999.6429999999998,2000.6429999999998,CLOSED,10
XAUUSD,2025-01-03T12:44:00Z,2000.644,2001.644,1999.644,2000.644,CLOSED,10
XAUUSD,2025-01-03T12:45:00Z,2000.645,2001.645,1999.645,2000.645,CLOSED,10
XAUUSD,2025-01-03T12:46:00Z,2000.646,2001.646,1999.646,2000.646,CLOSED,10
XAUUSD,2025-01-03T12:47:00Z,2000.647,2001.647,1999.647,2000.647,CLOSED,10
XAUUSD,2025-01-03T12:48:00Z,2000.648,2001.648,1999.648,2000.648,CLOSED,10
XAUUSD,2025-01-03T12:49:00Z,2000.649,2001.649,1999.649,2000.649,CLOSED,10
XAUUSD,2025-01-03T12:50:00Z,2000.6499999999999,2001.6499999999999,1999.6499999999999,2000.6499999999999,CLOSED,10
XAUUSD,2025-01-03T12:51:00Z,2000.6509999999998,2001.6509999999998,1999.6509999999998,2000.6509999999998,CLOSED,10
XAUUSD,2025-01-03T12:52:00Z,2000.6519999999998,2001.6519999999998,1999.6519999999998,2000.6519999999998,CLOSED,10
XAUUSD,2025-01-03T12:53:00Z,2000.653,2001.653,1999.653,2000.653,CLOSED,10
XAUUSD,2025-01-03T12:54:00Z,2000.654,2001.654,1999.654,2000.654,CLOSED,10
XAUUSD,2025-01-03T12:55:00Z,2000.655,2001.655,1999.655,2000.655,CLOSED,10
XAUUSD,2025-01-03T12:56:00Z,2000.656,2001.656,1999.656,2000.656,CLOSED,10
XAUUSD,2025-01-03T12:57:00Z,2000.657,2001.657,1999.657,2000.657,CLOSED,10
XAUUSD,2025-01-03T12:58:00Z,2000.658,2001.658,1999.658,2000.658,CLOSED,10
XAUUSD,2025-01-03T12:59:00Z,2000.6589999999999,2001.6589999999999,1999.6589999999999,2000.6589999999999,CLOSED,10
XAUUSD,2025-01-03T13:00:00Z,2000.6599999999999,2001.6599999999999,1999.6599999999999,2000.6599999999999,CLOSED,10
XAUUSD,2025-01-03T13:01:00Z,2000.6609999999998,2001.6609999999998,1999.6609999999998,2000.6609999999998,CLOSED,10
XAUUSD,2025-01-03T13:02:00Z,2000.6619999999998,2001.6619999999998,1999.6619999999998,2000.6619999999998,CLOSED,10
XAUUSD,2025-01-03T13:03:00Z,2000.663,2001.663,1999.663,2000.663,CLOSED,10
XAUUSD,2025-01-03T13:04:00Z,2000.664,2001.664,1999.664,2000.664,CLOSED,10
XAUUSD,2025-01-03T13:05:00Z,2000.665,2001.665,1999.665,2000.665,CLOSED,10
XAUUSD,2025-01-03T13:06:00Z,2000.666,2001.666,1999.666,2000.666,CLOSED,10
XAUUSD,2025-01-03T13:07:00Z,2000.667,2001.667,1999.667,2000.667,CLOSED,10
XAUUSD,2025-01-03T13:08:00Z,2000.668,2001.668,1999.668,2000.668,CLOSED,10
XAUUSD,2025-01-03T13:09:00Z,2000.6689999999999,2001.6689999999999,1999.6689999999999,2000.6689999999999,CLOSED,10
XAUUSD,2025-01-03T13:10:00Z,2000.6699999999998,2001.6699999999998,1999.6699999999998,2000.6699999999998,CLOSED,10
XAUUSD,2025-01-03T13:11:00Z,2000.6709999999998,2001.6709999999998,1999.6709999999998,2000.6709999999998,CLOSED,10
XAUUSD,2025-01-03T13:12:00Z,2000.6719999999998,2001.6719999999998,1999.6719999999998,2000.6719999999998,CLOSED,10
XAUUSD,2025-01-03T13:13:00Z,2000.673,2001.673,1999.673,2000.673,CLOSED,10
XAUUSD,2025-01-03T13:14:00Z,2000.674,2001.674,1999.674,2000.674,CLOSED,10
XAUUSD,2025-01-03T13:15:00Z,2000.675,2001.675,1999.675,2000.675,CLOSED,10
XAUUSD,2025-01-03T13:16:00Z,2000.676,2001.676,1999.676,2000.676,CLOSED,10
XAUUSD,2025-01-03T13:17:00Z,2000.677,2001.677,1999.677,2000.677,CLOSED,10
XAUUSD,2025-01-03T13:18:00Z,2000.6779999999999,2001.6779999999999,1999.6779999999999,2000.6779999999999,CLOSED,10
XAUUSD,2025-01-03T13:19:00Z,2000.6789999999999,2001.6789999999999,1999.6789999999999,2000.6789999999999,CLOSED,10
XAUUSD,2025-01-03T13:20:00Z,2000.6799999999998,2001.6799999999998,1999.6799999999998,2000.6799999999998,CLOSED,10
XAUUSD,2025-01-03T13:21:00Z,2000.6809999999998,2001.6809999999998,1999.6809999999998,2000.6809999999998,CLOSED,10
XAUUSD,2025-01-03T13:22:00Z,2000.682,2001.682,1999.682,2000.682,CLOSED,10
XAUUSD,2025-01-03T13:23:00Z,2000.683,2001.683,1999.683,2000.683,CLOSED,10
XAUUSD,2025-01-03T13:24:00Z,2000.684,2001.684,1999.684,2000.684,CLOSED,10
XAUUSD,2025-01-03T13:25:00Z,2000.685,2001.685,1999.685,2000.685,CLOSED,10
XAUUSD,2025-01-03T13:26:00Z,2000.686,2001.686,1999.686,2000.686,CLOSED,10
XAUUSD,2025-01-03T13:27:00Z,2000.687,2001.687,1999.687,2000.687,CLOSED,10
XAUUSD,2025-01-03T13:28:00Z,2000.6879999999999,2001.6879999999999,1999.6879999999999,2000.6879999999999,CLOSED,10
XAUUSD,2025-01-03T13:29:00Z,2000.6889999999999,2001.6889999999999,1999.6889999999999,2000.6889999999999,CLOSED,10
XAUUSD,2025-01-03T13:30:00Z,2000.6899999999998,2001.6899999999998,1999.6899999999998,2000.6899999999998,CLOSED,10
XAUUSD,2025-01-03T13:31:00Z,2000.6909999999998,2001.6909999999998,1999.6909999999998,2000.6909999999998,CLOSED,10
XAUUSD,2025-01-03T13:32:00Z,2000.692,2001.692,1999.692,2000.692,CLOSED,10
XAUUSD,2025-01-03T13:33:00Z,2000.693,2001.693,1999.693,2000.693,CLOSED,10
XAUUSD,2025-01-03T13:34:00Z,2000.694,2001.694,1999.694,2000.694,CLOSED,10
XAUUSD,2025-01-03T13:35:00Z,2000.695,2001.695,1999.695,2000.695,CLOSED,10
XAUUSD,2025-01-03T13:36:00Z,2000.696,2001.696,1999.696,2000.696,CLOSED,10
XAUUSD,2025-01-03T13:37:00Z,2000.697,2001.697,1999.697,2000.697,CLOSED,10
XAUUSD,2025-01-03T13:38:00Z,2000.6979999999999,2001.6979999999999,1999.6979999999999,2000.6979999999999,CLOSED,10
XAUUSD,2025-01-03T13:39:00Z,2000.6989999999998,2001.6989999999998,1999.6989999999998,2000.6989999999998,CLOSED,10
XAUUSD,2025-01-03T13:40:00Z,2000.6999999999998,2001.6999999999998,1999.6999999999998,2000.6999999999998,CLOSED,10
XAUUSD,2025-01-03T13:41:00Z,2000.701,2001.701,1999.701,2000.701,CLOSED,10
XAUUSD,2025-01-03T13:42:00Z,2000.702,2001.702,1999.702,2000.702,CLOSED,10
XAUUSD,2025-01-03T13:43:00Z,2000.703,2001.703,1999.703,2000.703,CLOSED,10
XAUUSD,2025-01-03T13:44:00Z,2000.704,2001.704,1999.704,2000.704,CLOSED,10
XAUUSD,2025-01-03T13:45:00Z,2000.705,2001.705,1999.705,2000.705,CLOSED,10
XAUUSD,2025-01-03T13:46:00Z,2000.706,2001.706,1999.706,2000.706,CLOSED,10
XAUUSD,2025-01-03T13:47:00Z,2000.7069999999999,2001.7069999999999,1999.7069999999999,2000.7069999999999,CLOSED,10
XAUUSD,2025-01-03T13:48:00Z,2000.7079999999999,2001.7079999999999,1999.7079999999999,2000.7079999999999,CLOSED,10
XAUUSD,2025-01-03T13:49:00Z,2000.7089999999998,2001.7089999999998,1999.7089999999998,2000.7089999999998,CLOSED,10
XAUUSD,2025-01-03T13:50:00Z,2000.7099999999998,2001.7099999999998,1999.7099999999998,2000.7099999999998,CLOSED,10
XAUUSD,2025-01-03T13:51:00Z,2000.711,2001.711,1999.711,2000.711,CLOSED,10
XAUUSD,2025-01-03T13:52:00Z,2000.712,2001.712,1999.712,2000.712,CLOSED,10
XAUUSD,2025-01-03T13:53:00Z,2000.713,2001.713,1999.713,2000.713,CLOSED,10
XAUUSD,2025-01-03T13:54:00Z,2000.714,2001.714,1999.714,2000.714,CLOSED,10
XAUUSD,2025-01-03T13:55:00Z,2000.715,2001.715,1999.715,2000.715,CLOSED,10
XAUUSD,2025-01-03T13:56:00Z,2000.716,2001.716,1999.716,2000.716,CLOSED,10
XAUUSD,2025-01-03T13:57:00Z,2000.7169999999999,2001.7169999999999,1999.7169999999999,2000.7169999999999,CLOSED,10
XAUUSD,2025-01-03T13:58:00Z,2000.7179999999998,2001.7179999999998,1999.7179999999998,2000.7179999999998,CLOSED,10
XAUUSD,2025-01-03T13:59:00Z,2000.7189999999998,2001.7189999999998,1999.7189999999998,2000.7189999999998,CLOSED,10
XAUUSD,2025-01-03T14:00:00Z,2000.7199999999998,2001.7199999999998,1999.7199999999998,2000.7199999999998,CLOSED,10
XAUUSD,2025-01-03T14:01:00Z,2000.721,2001.721,1999.721,2000.721,CLOSED,10
XAUUSD,2025-01-03T14:02:00Z,2000.722,2001.722,1999.722,2000.722,CLOSED,10
XAUUSD,2025-01-03T14:03:00Z,2000.723,2001.723,1999.723,2000.723,CLOSED,10
XAUUSD,2025-01-03T14:04:00Z,2000.724,2001.724,1999.724,2000.724,CLOSED,10
XAUUSD,2025-01-03T14:05:00Z,2000.725,2001.725,1999.725,2000.725,CLOSED,10
XAUUSD,2025-01-03T14:06:00Z,2000.7259999999999,2001.7259999999999,1999.7259999999999,2000.7259999999999,CLOSED,10
XAUUSD,2025-01-03T14:07:00Z,2000.7269999999999,2001.7269999999999,1999.7269999999999,2000.7269999999999,CLOSED,10
XAUUSD,2025-01-03T14:08:00Z,2000.7279999999998,2001.7279999999998,1999.7279999999998,2000.7279999999998,CLOSED,10
XAUUSD,2025-01-03T14:09:00Z,2000.7289999999998,2001.7289999999998,1999.7289999999998,2000.7289999999998,CLOSED,10
XAUUSD,2025-01-03T14:10:00Z,2000.73,2001.73,1999.73,2000.73,CLOSED,10
XAUUSD,2025-01-03T14:11:00Z,2000.731,2001.731,1999.731,2000.731,CLOSED,10
XAUUSD,2025-01-03T14:12:00Z,2000.732,2001.732,1999.732,2000.732,CLOSED,10
XAUUSD,2025-01-03T14:13:00Z,2000.733,2001.733,1999.733,2000.733,CLOSED,10
XAUUSD,2025-01-03T14:14:00Z,2000.734,2001.734,1999.734,2000.734,CLOSED,10
XAUUSD,2025-01-03T14:15:00Z,2000.735,2001.735,1999.735,2000.735,CLOSED,10
XAUUSD,2025-01-03T14:16:00Z,2000.7359999999999,2001.7359999999999,1999.7359999999999,2000.7359999999999,CLOSED,10
XAUUSD,2025-01-03T14:17:00Z,2000.7369999999999,2001.7369999999999,1999.7369999999999,2000.7369999999999,CLOSED,10
XAUUSD,2025-01-03T14:18:00Z,2000.7379999999998,2001.7379999999998,1999.7379999999998,2000.7379999999998,CLOSED,10
XAUUSD,2025-01-03T14:19:00Z,2000.7389999999998,2001.7389999999998,1999.7389999999998,2000.7389999999998,CLOSED,10
XAUUSD,2025-01-03T14:20:00Z,2000.74,2001.74,1999.74,2000.74,CLOSED,10
XAUUSD,2025-01-03T14:21:00Z,2000.741,2001.741,1999.741,2000.741,CLOSED,10
XAUUSD,2025-01-03T14:22:00Z,2000.742,2001.742,1999.742,2000.742,CLOSED,10
XAUUSD,2025-01-03T14:23:00Z,2000.743,2001.743,1999.743,2000.743,CLOSED,10
XAUUSD,2025-01-03T14:24:00Z,2000.744,2001.744,1999.744,2000.744,CLOSED,10
XAUUSD,2025-01-03T14:25:00Z,2000.745,2001.745,1999.745,2000.745,CLOSED,10
XAUUSD,2025-01-03T14:26:00Z,2000.7459999999999,2001.7459999999999,1999.7459999999999,2000.7459999999999,CLOSED,10
XAUUSD,2025-01-03T14:27:00Z,2000.7469999999998,2001.7469999999998,1999.7469999999998,2000.7469999999998,CLOSED,10
XAUUSD,2025-01-03T14:28:00Z,2000.7479999999998,2001.7479999999998,1999.7479999999998,2000.7479999999998,CLOSED,10
XAUUSD,2025-01-03T14:29:00Z,2000.7489999999998,2001.7489999999998,1999.7489999999998,2000.7489999999998,CLOSED,10
XAUUSD,2025-01-03T14:30:00Z,2000.75,2001.75,1999.75,2000.75,CLOSED,10
XAUUSD,2025-01-03T14:31:00Z,2000.751,2001.751,1999.751,2000.751,CLOSED,10
XAUUSD,2025-01-03T14:32:00Z,2000.752,2001.752,1999.752,2000.752,CLOSED,10
XAUUSD,2025-01-03T14:33:00Z,2000.753,2001.753,1999.753,2000.753,CLOSED,10
XAUUSD,2025-01-03T14:34:00Z,2000.754,2001.754,1999.754,2000.754,CLOSED,10
XAUUSD,2025-01-03T14:35:00Z,2000.7549999999999,2001.7549999999999,1999.7549999999999,2000.7549999999999,CLOSED,10
XAUUSD,2025-01-03T14:36:00Z,2000.7559999999999,2001.7559999999999,1999.7559999999999,2000.7559999999999,CLOSED,10
XAUUSD,2025-01-03T14:37:00Z,2000.7569999999998,2001.7569999999998,1999.7569999999998,2000.7569999999998,CLOSED,10
XAUUSD,2025-01-03T14:38:00Z,2000.7579999999998,2001.7579999999998,1999.7579999999998,2000.7579999999998,CLOSED,10
XAUUSD,2025-01-03T14:39:00Z,2000.759,2001.759,1999.759,2000.759,CLOSED,10
XAUUSD,2025-01-03T14:40:00Z,2000.76,2001.76,1999.76,2000.76,CLOSED,10
XAUUSD,2025-01-03T14:41:00Z,2000.761,2001.761,1999.761,2000.761,CLOSED,10
XAUUSD,2025-01-03T14:42:00Z,2000.762,2001.762,1999.762,2000.762,CLOSED,10
XAUUSD,2025-01-03T14:43:00Z,2000.763,2001.763,1999.763,2000.763,CLOSED,10
XAUUSD,2025-01-03T14:44:00Z,2000.764,2001.764,1999.764,2000.764,CLOSED,10
XAUUSD,2025-01-03T14:45:00Z,2000.7649999999999,2001.7649999999999,1999.7649999999999,2000.7649999999999,CLOSED,10
XAUUSD,2025-01-03T14:46:00Z,2000.7659999999998,2001.7659999999998,1999.7659999999998,2000.7659999999998,CLOSED,10
XAUUSD,2025-01-03T14:47:00Z,2000.7669999999998,2001.7669999999998,1999.7669999999998,2000.7669999999998,CLOSED,10
XAUUSD,2025-01-03T14:48:00Z,2000.7679999999998,2001.7679999999998,1999.7679999999998,2000.7679999999998,CLOSED,10
XAUUSD,2025-01-03T14:49:00Z,2000.769,2001.769,1999.769,2000.769,CLOSED,10
XAUUSD,2025-01-03T14:50:00Z,2000.77,2001.77,1999.77,2000.77,CLOSED,10
XAUUSD,2025-01-03T14:51:00Z,2000.771,2001.771,1999.771,2000.771,CLOSED,10
XAUUSD,2025-01-03T14:52:00Z,2000.772,2001.772,1999.772,2000.772,CLOSED,10
XAUUSD,2025-01-03T14:53:00Z,2000.773,2001.773,1999.773,2000.773,CLOSED,10
XAUUSD,2025-01-03T14:54:00Z,2000.774,2001.774,1999.774,2000.774,CLOSED,10
XAUUSD,2025-01-03T14:55:00Z,2000.7749999999999,2001.7749999999999,1999.7749999999999,2000.7749999999999,CLOSED,10
XAUUSD,2025-01-03T14:56:00Z,2000.7759999999998,2001.7759999999998,1999.7759999999998,2000.7759999999998,CLOSED,10
XAUUSD,2025-01-03T14:57:00Z,2000.7769999999998,2001.7769999999998,1999.7769999999998,2000.7769999999998,CLOSED,10
XAUUSD,2025-01-03T14:58:00Z,2000.778,2001.778,1999.778,2000.778,CLOSED,10
XAUUSD,2025-01-03T14:59:00Z,2000.779,2001.779,1999.779,2000.779,CLOSED,10
XAUUSD,2025-01-03T15:00:00Z,2000.78,2001.78,1999.78,2000.78,CLOSED,10
XAUUSD,2025-01-03T15:01:00Z,2000.781,2001.781,1999.781,2000.781,CLOSED,10
XAUUSD,2025-01-03T15:02:00Z,2000.782,2001.782,1999.782,2000.782,CLOSED,10
XAUUSD,2025-01-03T15:03:00Z,2000.783,2001.783,1999.783,2000.783,CLOSED,10
XAUUSD,2025-01-03T15:04:00Z,2000.7839999999999,2001.7839999999999,1999.7839999999999,2000.7839999999999,CLOSED,10
XAUUSD,2025-01-03T15:05:00Z,2000.7849999999999,2001.7849999999999,1999.7849999999999,2000.7849999999999,CLOSED,10
XAUUSD,2025-01-03T15:06:00Z,2000.7859999999998,2001.7859999999998,1999.7859999999998,2000.7859999999998,CLOSED,10
XAUUSD,2025-01-03T15:07:00Z,2000.7869999999998,2001.7869999999998,1999.7869999999998,2000.7869999999998,CLOSED,10
XAUUSD,2025-01-03T15:08:00Z,2000.788,2001.788,1999.788,2000.788,CLOSED,10
XAUUSD,2025-01-03T15:09:00Z,2000.789,2001.789,1999.789,2000.789,CLOSED,10
XAUUSD,2025-01-03T15:10:00Z,2000.79,2001.79,1999.79,2000.79,CLOSED,10
XAUUSD,2025-01-03T15:11:00Z,2000.791,2001.791,1999.791,2000.791,CLOSED,10
XAUUSD,2025-01-03T15:12:00Z,2000.792,2001.792,1999.792,2000.792,CLOSED,10
XAUUSD,2025-01-03T15:13:00Z,2000.793,2001.793,1999.793,2000.793,CLOSED,10
XAUUSD,2025-01-03T15:14:00Z,2000.7939999999999,2001.7939999999999,1999.7939999999999,2000.7939999999999,CLOSED,10
XAUUSD,2025-01-03T15:15:00Z,2000.7949999999998,2001.7949999999998,1999.7949999999998,2000.7949999999998,CLOSED,10
XAUUSD,2025-01-03T15:16:00Z,2000.7959999999998,2001.7959999999998,1999.7959999999998,2000.7959999999998,CLOSED,10
XAUUSD,2025-01-03T15:17:00Z,2000.7969999999998,2001.7969999999998,1999.7969999999998,2000.7969999999998,CLOSED,10
XAUUSD,2025-01-03T15:18:00Z,2000.798,2001.798,1999.798,2000.798,CLOSED,10
XAUUSD,2025-01-03T15:19:00Z,2000.799,2001.799,1999.799,2000.799,CLOSED,10
XAUUSD,2025-01-03T15:20:00Z,2000.8,2001.8,1999.8,2000.8,CLOSED,10
XAUUSD,2025-01-03T15:21:00Z,2000.801,2001.801,1999.801,2000.801,CLOSED,10
XAUUSD,2025-01-03T15:22:00Z,2000.802,2001.802,1999.802,2000.802,CLOSED,10
XAUUSD,2025-01-03T15:23:00Z,2000.8029999999999,2001.8029999999999,1999.8029999999999,2000.8029999999999,CLOSED,10
XAUUSD,2025-01-03T15:24:00Z,2000.8039999999999,2001.8039999999999,1999.8039999999999,2000.8039999999999,CLOSED,10
XAUUSD,2025-01-03T15:25:00Z,2000.8049999999998,2001.8049999999998,1999.8049999999998,2000.8049999999998,CLOSED,10
XAUUSD,2025-01-03T15:26:00Z,2000.8059999999998,2001.8059999999998,1999.8059999999998,2000.8059999999998,CLOSED,10
XAUUSD,2025-01-03T15:27:00Z,2000.807,2001.807,1999.807,2000.807,CLOSED,10
XAUUSD,2025-01-03T15:28:00Z,2000.808,2001.808,1999.808,2000.808,CLOSED,10
XAUUSD,2025-01-03T15:29:00Z,2000.809,2001.809,1999.809,2000.809,CLOSED,10
XAUUSD,2025-01-04T12:00:00Z,2000.9,2001.9,1999.9,2000.9,CLOSED,10
XAUUSD,2025-01-04T12:01:00Z,2000.901,2001.901,1999.901,2000.901,CLOSED,10
XAUUSD,2025-01-04T12:02:00Z,2000.902,2001.902,1999.902,2000.902,CLOSED,10
XAUUSD,2025-01-04T12:03:00Z,2000.903,2001.903,1999.903,2000.903,CLOSED,10
XAUUSD,2025-01-04T12:04:00Z,2000.904,2001.904,1999.904,2000.904,CLOSED,10
XAUUSD,2025-01-04T12:05:00Z,2000.9050000000002,2001.9050000000002,1999.9050000000002,2000.9050000000002,CLOSED,10
XAUUSD,2025-01-04T12:06:00Z,2000.9060000000002,2001.9060000000002,1999.9060000000002,2000.9060000000002,CLOSED,10
XAUUSD,2025-01-04T12:07:00Z,2000.9070000000002,2001.9070000000002,1999.9070000000002,2000.9070000000002,CLOSED,10
XAUUSD,2025-01-04T12:08:00Z,2000.9080000000001,2001.9080000000001,1999.9080000000001,2000.9080000000001,CLOSED,10
XAUUSD,2025-01-04T12:09:00Z,2000.909,2001.909,1999.909,2000.909,CLOSED,10
XAUUSD,2025-01-04T12:10:00Z,2000.91,2001.91,1999.91,2000.91,CLOSED,10
XAUUSD,2025-01-04T12:11:00Z,2000.911,2001.911,1999.911,2000.911,CLOSED,10
XAUUSD,2025-01-04T12:12:00Z,2000.912,2001.912,1999.912,2000.912,CLOSED,10
XAUUSD,2025-01-04T12:13:00Z,2000.913,2001.913,1999.913,2000.913,CLOSED,10
XAUUSD,2025-01-04T12:14:00Z,2000.914,2001.914,1999.914,2000.914,CLOSED,10
XAUUSD,2025-01-04T12:15:00Z,2000.9150000000002,2001.9150000000002,1999.9150000000002,2000.9150000000002,CLOSED,10
XAUUSD,2025-01-04T12:16:00Z,2000.9160000000002,2001.9160000000002,1999.9160000000002,2000.9160000000002,CLOSED,10
XAUUSD,2025-01-04T12:17:00Z,2000.9170000000001,2001.9170000000001,1999.9170000000001,2000.9170000000001,CLOSED,10
XAUUSD,2025-01-04T12:18:00Z,2000.9180000000001,2001.9180000000001,1999.9180000000001,2000.9180000000001,CLOSED,10
XAUUSD,2025-01-04T12:19:00Z,2000.919,2001.919,1999.919,2000.919,CLOSED,10
XAUUSD,2025-01-04T12:20:00Z,2000.92,2001.92,1999.92,2000.92,CLOSED,10
XAUUSD,2025-01-04T12:21:00Z,2000.921,2001.921,1999.921,2000.921,CLOSED,10
XAUUSD,2025-01-04T12:22:00Z,2000.922,2001.922,1999.922,2000.922,CLOSED,10
XAUUSD,2025-01-04T12:23:00Z,2000.923,2001.923,1999.923,2000.923,CLOSED,10
XAUUSD,2025-01-04T12:24:00Z,2000.924,2001.924,1999.924,2000.924,CLOSED,10
XAUUSD,2025-01-04T12:25:00Z,2000.9250000000002,2001.9250000000002,1999.9250000000002,2000.9250000000002,CLOSED,10
XAUUSD,2025-01-04T12:26:00Z,2000.9260000000002,2001.9260000000002,1999.9260000000002,2000.9260000000002,CLOSED,10
XAUUSD,2025-01-04T12:27:00Z,2000.9270000000001,2001.9270000000001,1999.9270000000001,2000.9270000000001,CLOSED,10
XAUUSD,2025-01-04T12:28:00Z,2000.928,2001.928,1999.928,2000.928,CLOSED,10
XAUUSD,2025-01-04T12:29:00Z,2000.929,2001.929,1999.929,2000.929,CLOSED,10
XAUUSD,2025-01-04T12:30:00Z,2000.93,2001.93,1999.93,2000.93,CLOSED,10
XAUUSD,2025-01-04T12:31:00Z,2000.931,2001.931,1999.931,2000.931,CLOSED,10
XAUUSD,2025-01-04T12:32:00Z,2000.932,2001.932,1999.932,2000.932,CLOSED,10
XAUUSD,2025-01-04T12:33:00Z,2000.933,2001.933,1999.933,2000.933,CLOSED,10
XAUUSD,2025-01-04T12:34:00Z,2000.9340000000002,2001.9340000000002,1999.9340000000002,2000.9340000000002,CLOSED,10
XAUUSD,2025-01-04T12:35:00Z,2000.9350000000002,2001.9350000000002,1999.9350000000002,2000.9350000000002,CLOSED,10
XAUUSD,2025-01-04T12:36:00Z,2000.9360000000001,2001.9360000000001,1999.9360000000001,2000.9360000000001,CLOSED,10
XAUUSD,2025-01-04T12:37:00Z,2000.9370000000001,2001.9370000000001,1999.9370000000001,2000.9370000000001,CLOSED,10
XAUUSD,2025-01-04T12:38:00Z,2000.938,2001.938,1999.938,2000.938,CLOSED,10
XAUUSD,2025-01-04T12:39:00Z,2000.939,2001.939,1999.939,2000.939,CLOSED,10
XAUUSD,2025-01-04T12:40:00Z,2000.94,2001.94,1999.94,2000.94,CLOSED,10
XAUUSD,2025-01-04T12:41:00Z,2000.941,2001.941,1999.941,2000.941,CLOSED,10
XAUUSD,2025-01-04T12:42:00Z,2000.942,2001.942,1999.942,2000.942,CLOSED,10
XAUUSD,2025-01-04T12:43:00Z,2000.943,2001.943,1999.943,2000.943,CLOSED,10
XAUUSD,2025-01-04T12:44:00Z,2000.9440000000002,2001.9440000000002,1999.9440000000002,2000.9440000000002,CLOSED,10
XAUUSD,2025-01-04T12:45:00Z,2000.9450000000002,2001.9450000000002,1999.9450000000002,2000.9450000000002,CLOSED,10
XAUUSD,2025-01-04T12:46:00Z,2000.9460000000001,2001.9460000000001,1999.9460000000001,2000.9460000000001,CLOSED,10
XAUUSD,2025-01-04T12:47:00Z,2000.9470000000001,2001.9470000000001,1999.9470000000001,2000.9470000000001,CLOSED,10
XAUUSD,2025-01-04T12:48:00Z,2000.948,2001.948,1999.948,2000.948,CLOSED,10
XAUUSD,2025-01-04T12:49:00Z,2000.949,2001.949,1999.949,2000.949,CLOSED,10
XAUUSD,2025-01-04T12:50:00Z,2000.95,2001.95,1999.95,2000.95,CLOSED,10
XAUUSD,2025-01-04T12:51:00Z,2000.951,2001.951,1999.951,2000.951,CLOSED,10
XAUUSD,2025-01-04T12:52:00Z,2000.952,2001.952,1999.952,2000.952,CLOSED,10
XAUUSD,2025-01-04T12:53:00Z,2000.9530000000002,2001.9530000000002,1999.9530000000002,2000.9530000000002,CLOSED,10
XAUUSD,2025-01-04T12:54:00Z,2000.9540000000002,2001.9540000000002,1999.9540000000002,2000.9540000000002,CLOSED,10
XAUUSD,2025-01-04T12:55:00Z,2000.9550000000002,2001.9550000000002,1999.9550000000002,2000.9550000000002,CLOSED,10
XAUUSD,2025-01-04T12:56:00Z,2000.9560000000001,2001.9560000000001,1999.9560000000001,2000.9560000000001,CLOSED,10
XAUUSD,2025-01-04T12:57:00Z,2000.957,2001.957,1999.957,2000.957,CLOSED,10
XAUUSD,2025-01-04T12:58:00Z,2000.958,2001.958,1999.958,2000.958,CLOSED,10
XAUUSD,2025-01-04T12:59:00Z,2000.959,2001.959,1999.959,2000.959,CLOSED,10
XAUUSD,2025-01-04T13:00:00Z,2000.96,2001.96,1999.96,2000.96,CLOSED,10
XAUUSD,2025-01-04T13:01:00Z,2000.961,2001.961,1999.961,2000.961,CLOSED,10
XAUUSD,2025-01-04T13:02:00Z,2000.962,2001.962,1999.962,2000.962,CLOSED,10
XAUUSD,2025-01-04T13:03:00Z,2000.9630000000002,2001.9630000000002,1999.9630000000002,2000.9630000000002,CLOSED,10
XAUUSD,2025-01-04T13:04:00Z,2000.9640000000002,2001.9640000000002,1999.9640000000002,2000.9640000000002,CLOSED,10
XAUUSD,2025-01-04T13:05:00Z,2000.9650000000001,2001.9650000000001,1999.9650000000001,2000.9650000000001,CLOSED,10
XAUUSD,2025-01-04T13:06:00Z,2000.9660000000001,2001.9660000000001,1999.9660000000001,2000.9660000000001,CLOSED,10
XAUUSD,2025-01-04T13:07:00Z,2000.967,2001.967,1999.967,2000.967,CLOSED,10
XAUUSD,2025-01-04T13:08:00Z,2000.968,2001.968,1999.968,2000.968,CLOSED,10
XAUUSD,2025-01-04T13:09:00Z,2000.969,2001.969,1999.969,2000.969,CLOSED,10
XAUUSD,2025-01-04T13:10:00Z,2000.97,2001.97,1999.97,2000.97,CLOSED,10
XAUUSD,2025-01-04T13:11:00Z,2000.971,2001.971,1999.971,2000.971,CLOSED,10
XAUUSD,2025-01-04T13:12:00Z,2000.972,2001.972,1999.972,2000.972,CLOSED,10
XAUUSD,2025-01-04T13:13:00Z,2000.9730000000002,2001.9730000000002,1999.9730000000002,2000.9730000000002,CLOSED,10
XAUUSD,2025-01-04T13:14:00Z,2000.9740000000002,2001.9740000000002,1999.9740000000002,2000.9740000000002,CLOSED,10
XAUUSD,2025-01-04T13:15:00Z,2000.9750000000001,2001.9750000000001,1999.9750000000001,2000.9750000000001,CLOSED,10
XAUUSD,2025-01-04T13:16:00Z,2000.976,2001.976,1999.976,2000.976,CLOSED,10
XAUUSD,2025-01-04T13:17:00Z,2000.977,2001.977,1999.977,2000.977,CLOSED,10
XAUUSD,2025-01-04T13:18:00Z,2000.978,2001.978,1999.978,2000.978,CLOSED,10
XAUUSD,2025-01-04T13:19:00Z,2000.979,2001.979,1999.979,2000.979,CLOSED,10
XAUUSD,2025-01-04T13:20:00Z,2000.98,2001.98,1999.98,2000.98,CLOSED,10
XAUUSD,2025-01-04T13:21:00Z,2000.981,2001.981,1999.981,2000.981,CLOSED,10
XAUUSD,2025-01-04T13:22:00Z,2000.9820000000002,2001.9820000000002,1999.9820000000002,2000.9820000000002,CLOSED,10
XAUUSD,2025-01-04T13:23:00Z,2000.9830000000002,2001.9830000000002,1999.9830000000002,2000.9830000000002,CLOSED,10
XAUUSD,2025-01-04T13:24:00Z,2000.9840000000002,2001.9840000000002,1999.9840000000002,2000.9840000000002,CLOSED,10
XAUUSD,2025-01-04T13:25:00Z,2000.9850000000001,2001.9850000000001,1999.9850000000001,2000.9850000000001,CLOSED,10
XAUUSD,2025-01-04T13:26:00Z,2000.986,2001.986,1999.986,2000.986,CLOSED,10
XAUUSD,2025-01-04T13:27:00Z,2000.987,2001.987,1999.987,2000.987,CLOSED,10
XAUUSD,2025-01-04T13:28:00Z,2000.988,2001.988,1999.988,2000.988,CLOSED,10
XAUUSD,2025-01-04T13:29:00Z,2000.989,2001.989,1999.989,2000.989,CLOSED,10
XAUUSD,2025-01-04T13:30:00Z,2005.99,2006.99,2004.99,2005.99,CLOSED,10
XAUUSD,2025-01-04T13:31:00Z,2005.991,2006.991,2004.991,2005.991,CLOSED,10
XAUUSD,2025-01-04T13:32:00Z,2005.9920000000002,2006.9920000000002,2004.9920000000002,2005.9920000000002,CLOSED,10
XAUUSD,2025-01-04T13:33:00Z,2005.9930000000002,2006.9930000000002,2004.9930000000002,2005.9930000000002,CLOSED,10
XAUUSD,2025-01-04T13:34:00Z,2005.9940000000001,2006.9940000000001,2004.9940000000001,2005.9940000000001,CLOSED,10
XAUUSD,2025-01-04T13:35:00Z,2005.9950000000001,2006.9950000000001,2004.9950000000001,2005.9950000000001,CLOSED,10
XAUUSD,2025-01-04T13:36:00Z,2005.996,2006.996,2004.996,2005.996,CLOSED,10
XAUUSD,2025-01-04T13:37:00Z,2005.997,2006.997,2004.997,2005.997,CLOSED,10
XAUUSD,2025-01-04T13:38:00Z,2005.998,2006.998,2004.998,2005.998,CLOSED,10
XAUUSD,2025-01-04T13:39:00Z,2005.999,2006.999,2004.999,2005.999,CLOSED,10
XAUUSD,2025-01-04T13:40:00Z,2006.0,2007.0,2005.0,2006.0,CLOSED,10
XAUUSD,2025-01-04T13:41:00Z,2006.0010000000002,2007.0010000000002,2005.0010000000002,2006.0010000000002,CLOSED,10
XAUUSD,2025-01-04T13:42:00Z,2006.0020000000002,2007.0020000000002,2005.0020000000002,2006.0020000000002,CLOSED,10
XAUUSD,2025-01-04T13:43:00Z,2006.0030000000002,2007.0030000000002,2005.0030000000002,2006.0030000000002,CLOSED,10
XAUUSD,2025-01-04T13:44:00Z,2006.0040000000001,2007.0040000000001,2005.0040000000001,2006.0040000000001,CLOSED,10
XAUUSD,2025-01-04T13:45:00Z,2006.005,2007.005,2005.005,2006.005,CLOSED,10
XAUUSD,2025-01-04T13:46:00Z,2006.006,2007.006,2005.006,2006.006,CLOSED,10
XAUUSD,2025-01-04T13:47:00Z,2006.007,2007.007,2005.007,2006.007,CLOSED,10
XAUUSD,2025-01-04T13:48:00Z,2006.008,2007.008,2005.008,2006.008,CLOSED,10
XAUUSD,2025-01-04T13:49:00Z,2006.009,2007.009,2005.009,2006.009,CLOSED,10
XAUUSD,2025-01-04T13:50:00Z,2006.01,2007.01,2005.01,2006.01,CLOSED,10
XAUUSD,2025-01-04T13:51:00Z,2006.0110000000002,2007.0110000000002,2005.0110000000002,2006.0110000000002,CLOSED,10
XAUUSD,2025-01-04T13:52:00Z,2006.0120000000002,2007.0120000000002,2005.0120000000002,2006.0120000000002,CLOSED,10
XAUUSD,2025-01-04T13:53:00Z,2006.0130000000001,2007.0130000000001,2005.0130000000001,2006.0130000000001,CLOSED,10
XAUUSD,2025-01-04T13:54:00Z,2006.0140000000001,2007.0140000000001,2005.0140000000001,2006.0140000000001,CLOSED,10
XAUUSD,2025-01-04T13:55:00Z,2006.015,2007.015,2005.015,2006.015,CLOSED,10
XAUUSD,2025-01-04T13:56:00Z,2006.016,2007.016,2005.016,2006.016,CLOSED,10
XAUUSD,2025-01-04T13:57:00Z,2006.017,2007.017,2005.017,2006.017,CLOSED,10
XAUUSD,2025-01-04T13:58:00Z,2006.018,2007.018,2005.018,2006.018,CLOSED,10
XAUUSD,2025-01-04T13:59:00Z,2006.019,2007.019,2005.019,2006.019,CLOSED,10
XAUUSD,2025-01-04T14:00:00Z,2006.02,2007.02,2005.02,2006.02,CLOSED,10
XAUUSD,2025-01-04T14:01:00Z,2006.0210000000002,2007.0210000000002,2005.0210000000002,2006.0210000000002,CLOSED,10
XAUUSD,2025-01-04T14:02:00Z,2006.0220000000002,2007.0220000000002,2005.0220000000002,2006.0220000000002,CLOSED,10
XAUUSD,2025-01-04T14:03:00Z,2006.0230000000001,2007.0230000000001,2005.0230000000001,2006.0230000000001,CLOSED,10
XAUUSD,2025-01-04T14:04:00Z,2006.0240000000001,2007.0240000000001,2005.0240000000001,2006.0240000000001,CLOSED,10
XAUUSD,2025-01-04T14:05:00Z,2006.025,2007.025,2005.025,2006.025,CLOSED,10
XAUUSD,2025-01-04T14:06:00Z,2006.026,2007.026,2005.026,2006.026,CLOSED,10
XAUUSD,2025-01-04T14:07:00Z,2006.027,2007.027,2005.027,2006.027,CLOSED,10
XAUUSD,2025-01-04T14:08:00Z,2006.028,2007.028,2005.028,2006.028,CLOSED,10
XAUUSD,2025-01-04T14:09:00Z,2006.029,2007.029,2005.029,2006.029,CLOSED,10
XAUUSD,2025-01-04T14:10:00Z,2006.0300000000002,2007.0300000000002,2005.0300000000002,2006.0300000000002,CLOSED,10
XAUUSD,2025-01-04T14:11:00Z,2006.0310000000002,2007.0310000000002,2005.0310000000002,2006.0310000000002,CLOSED,10
XAUUSD,2025-01-04T14:12:00Z,2006.0320000000002,2007.0320000000002,2005.0320000000002,2006.0320000000002,CLOSED,10
XAUUSD,2025-01-04T14:13:00Z,2006.0330000000001,2007.0330000000001,2005.0330000000001,2006.0330000000001,CLOSED,10
XAUUSD,2025-01-04T14:14:00Z,2006.034,2007.034,2005.034,2006.034,CLOSED,10
XAUUSD,2025-01-04T14:15:00Z,2006.035,2007.035,2005.035,2006.035,CLOSED,10
XAUUSD,2025-01-04T14:16:00Z,2006.036,2007.036,2005.036,2006.036,CLOSED,10
XAUUSD,2025-01-04T14:17:00Z,2006.037,2007.037,2005.037,2006.037,CLOSED,10
XAUUSD,2025-01-04T14:18:00Z,2006.038,2007.038,2005.038,2006.038,CLOSED,10
XAUUSD,2025-01-04T14:19:00Z,2006.039,2007.039,2005.039,2006.039,CLOSED,10
XAUUSD,2025-01-04T14:20:00Z,2006.0400000000002,2007.0400000000002,2005.0400000000002,2006.0400000000002,CLOSED,10
XAUUSD,2025-01-04T14:21:00Z,2006.0410000000002,2007.0410000000002,2005.0410000000002,2006.0410000000002,CLOSED,10
XAUUSD,2025-01-04T14:22:00Z,2006.0420000000001,2007.0420000000001,2005.0420000000001,2006.0420000000001,CLOSED,10
XAUUSD,2025-01-04T14:23:00Z,2006.0430000000001,2007.0430000000001,2005.0430000000001,2006.0430000000001,CLOSED,10
XAUUSD,2025-01-04T14:24:00Z,2006.044,2007.044,2005.044,2006.044,CLOSED,10
XAUUSD,2025-01-04T14:25:00Z,2006.045,2007.045,2005.045,2006.045,CLOSED,10
XAUUSD,2025-01-04T14:26:00Z,2006.046,2007.046,2005.046,2006.046,CLOSED,10
XAUUSD,2025-01-04T14:27:00Z,2006.047,2007.047,2005.047,2006.047,CLOSED,10
XAUUSD,2025-01-04T14:28:00Z,2006.048,2007.048,2005.048,2006.048,CLOSED,10
XAUUSD,2025-01-04T14:29:00Z,2006.049,2007.049,2005.049,2006.049,CLOSED,10
XAUUSD,2025-01-04T14:30:00Z,2006.0500000000002,2007.0500000000002,2005.0500000000002,2006.0500000000002,CLOSED,10
XAUUSD,2025-01-04T14:31:00Z,2006.0510000000002,2007.0510000000002,2005.0510000000002,2006.0510000000002,CLOSED,10
XAUUSD,2025-01-04T14:32:00Z,2006.0520000000001,2007.0520000000001,2005.0520000000001,2006.0520000000001,CLOSED,10
XAUUSD,2025-01-04T14:33:00Z,2006.053,2007.053,2005.053,2006.053,CLOSED,10
XAUUSD,2025-01-04T14:34:00Z,2006.054,2007.054,2005.054,2006.054,CLOSED,10
XAUUSD,2025-01-04T14:35:00Z,2006.055,2007.055,2005.055,2006.055,CLOSED,10
XAUUSD,2025-01-04T14:36:00Z,2006.056,2007.056,2005.056,2006.056,CLOSED,10
XAUUSD,2025-01-04T14:37:00Z,2006.057,2007.057,2005.057,2006.057,CLOSED,10
XAUUSD,2025-01-04T14:38:00Z,2006.058,2007.058,2005.058,2006.058,CLOSED,10
XAUUSD,2025-01-04T14:39:00Z,2006.0590000000002,2007.0590000000002,2005.0590000000002,2006.0590000000002,CLOSED,10
XAUUSD,2025-01-04T14:40:00Z,2006.0600000000002,2007.0600000000002,2005.0600000000002,2006.0600000000002,CLOSED,10
XAUUSD,2025-01-04T14:41:00Z,2006.0610000000001,2007.0610000000001,2005.0610000000001,2006.0610000000001,CLOSED,10
XAUUSD,2025-01-04T14:42:00Z,2006.0620000000001,2007.0620000000001,2005.0620000000001,2006.0620000000001,CLOSED,10
XAUUSD,2025-01-04T14:43:00Z,2006.063,2007.063,2005.063,2006.063,CLOSED,10
XAUUSD,2025-01-04T14:44:00Z,2006.064,2007.064,2005.064,2006.064,CLOSED,10
XAUUSD,2025-01-04T14:45:00Z,2006.065,2007.065,2005.065,2006.065,CLOSED,10
XAUUSD,2025-01-04T14:46:00Z,2006.066,2007.066,2005.066,2006.066,CLOSED,10
XAUUSD,2025-01-04T14:47:00Z,2006.067,2007.067,2005.067,2006.067,CLOSED,10
XAUUSD,2025-01-04T14:48:00Z,2006.068,2007.068,2005.068,2006.068,CLOSED,10
XAUUSD,2025-01-04T14:49:00Z,2006.0690000000002,2007.0690000000002,2005.0690000000002,2006.0690000000002,CLOSED,10
XAUUSD,2025-01-04T14:50:00Z,2006.0700000000002,2007.0700000000002,2005.0700000000002,2006.0700000000002,CLOSED,10
XAUUSD,2025-01-04T14:51:00Z,2006.0710000000001,2007.0710000000001,2005.0710000000001,2006.0710000000001,CLOSED,10
XAUUSD,2025-01-04T14:52:00Z,2006.0720000000001,2007.0720000000001,2005.0720000000001,2006.0720000000001,CLOSED,10
XAUUSD,2025-01-04T14:53:00Z,2006.073,2007.073,2005.073,2006.073,CLOSED,10
XAUUSD,2025-01-04T14:54:00Z,2006.074,2007.074,2005.074,2006.074,CLOSED,10
XAUUSD,2025-01-04T14:55:00Z,2006.075,2007.075,2005.075,2006.075,CLOSED,10
XAUUSD,2025-01-04T14:56:00Z,2006.076,2007.076,2005.076,2006.076,CLOSED,10
XAUUSD,2025-01-04T14:57:00Z,2006.077,2007.077,2005.077,2006.077,CLOSED,10
XAUUSD,2025-01-04T14:58:00Z,2006.0780000000002,2007.0780000000002,2005.0780000000002,2006.0780000000002,CLOSED,10
XAUUSD,2025-01-04T14:59:00Z,2006.0790000000002,2007.0790000000002,2005.0790000000002,2006.0790000000002,CLOSED,10
XAUUSD,2025-01-04T15:00:00Z,2006.0800000000002,2007.0800000000002,2005.0800000000002,2006.0800000000002,CLOSED,10
XAUUSD,2025-01-04T15:01:00Z,2006.0810000000001,2007.0810000000001,2005.0810000000001,2006.0810000000001,CLOSED,10
XAUUSD,2025-01-04T15:02:00Z,2006.082,2007.082,2005.082,2006.082,CLOSED,10
XAUUSD,2025-01-04T15:03:00Z,2006.083,2007.083,2005.083,2006.083,CLOSED,10
XAUUSD,2025-01-04T15:04:00Z,2006.084,2007.084,2005.084,2006.084,CLOSED,10
XAUUSD,2025-01-04T15:05:00Z,2006.085,2007.085,2005.085,2006.085,CLOSED,10
XAUUSD,2025-01-04T15:06:00Z,2006.086,2007.086,2005.086,2006.086,CLOSED,10
XAUUSD,2025-01-04T15:07:00Z,2006.087,2007.087,2005.087,2006.087,CLOSED,10
XAUUSD,2025-01-04T15:08:00Z,2006.0880000000002,2007.0880000000002,2005.0880000000002,2006.0880000000002,CLOSED,10
XAUUSD,2025-01-04T15:09:00Z,2006.0890000000002,2007.0890000000002,2005.0890000000002,2006.0890000000002,CLOSED,10
XAUUSD,2025-01-04T15:10:00Z,2006.0900000000001,2007.0900000000001,2005.0900000000001,2006.0900000000001,CLOSED,10
XAUUSD,2025-01-04T15:11:00Z,2006.0910000000001,2007.0910000000001,2005.0910000000001,2006.0910000000001,CLOSED,10
XAUUSD,2025-01-04T15:12:00Z,2006.092,2007.092,2005.092,2006.092,CLOSED,10
XAUUSD,2025-01-04T15:13:00Z,2006.093,2007.093,2005.093,2006.093,CLOSED,10
XAUUSD,2025-01-04T15:14:00Z,2006.094,2007.094,2005.094,2006.094,CLOSED,10
XAUUSD,2025-01-04T15:15:00Z,2006.095,2007.095,2005.095,2006.095,CLOSED,10
XAUUSD,2025-01-04T15:16:00Z,2006.096,2007.096,2005.096,2006.096,CLOSED,10
XAUUSD,2025-01-04T15:17:00Z,2006.097,2007.097,2005.097,2006.097,CLOSED,10
XAUUSD,2025-01-04T15:18:00Z,2006.0980000000002,2007.0980000000002,2005.0980000000002,2006.0980000000002,CLOSED,10
XAUUSD,2025-01-04T15:19:00Z,2006.0990000000002,2007.0990000000002,2005.0990000000002,2006.0990000000002,CLOSED,10
XAUUSD,2025-01-04T15:20:00Z,2006.1000000000001,2007.1000000000001,2005.1000000000001,2006.1000000000001,CLOSED,10
XAUUSD,2025-01-04T15:21:00Z,2006.101,2007.101,2005.101,2006.101,CLOSED,10
XAUUSD,2025-01-04T15:22:00Z,2006.102,2007.102,2005.102,2006.102,CLOSED,10
XAUUSD,2025-01-04T15:23:00Z,2006.103,2007.103,2005.103,2006.103,CLOSED,10
XAUUSD,2025-01-04T15:24:00Z,2006.104,2007.104,2005.104,2006.104,CLOSED,10
XAUUSD,2025-01-04T15:25:00Z,2006.105,2007.105,2005.105,2006.105,CLOSED,10
XAUUSD,2025-01-04T15:26:00Z,2006.106,2007.106,2005.106,2006.106,CLOSED,10
XAUUSD,2025-01-04T15:27:00Z,2006.1070000000002,2007.1070000000002,2005.1070000000002,2006.1070000000002,CLOSED,10
XAUUSD,2025-01-04T15:28:00Z,2006.1080000000002,2007.1080000000002,2005.1080000000002,2006.1080000000002,CLOSED,10
XAUUSD,2025-01-04T15:29:00Z,2006.1090000000002,2007.1090000000002,2005.1090000000002,2006.1090000000002,CLOSED,10
XAUUSD,2025-01-05T12:00:00Z,2001.2,2002.2,2000.2,2001.2,CLOSED,10
XAUUSD,2025-01-05T12:01:00Z,2001.201,2002.201,2000.201,2001.201,CLOSED,10
XAUUSD,2025-01-05T12:02:00Z,2001.202,2002.202,2000.202,2001.202,CLOSED,10
XAUUSD,2025-01-05T12:03:00Z,2001.203,2002.203,2000.203,2001.203,CLOSED,10
XAUUSD,2025-01-05T12:04:00Z,2001.204,2002.204,2000.204,2001.204,CLOSED,10
XAUUSD,2025-01-05T12:05:00Z,2001.2050000000002,2002.2050000000002,2000.2050000000002,2001.2050000000002,CLOSED,10
XAUUSD,2025-01-05T12:06:00Z,2001.2060000000001,2002.2060000000001,2000.2060000000001,2001.2060000000001,CLOSED,10
XAUUSD,2025-01-05T12:07:00Z,2001.207,2002.207,2000.207,2001.207,CLOSED,10
XAUUSD,2025-01-05T12:08:00Z,2001.208,2002.208,2000.208,2001.208,CLOSED,10
XAUUSD,2025-01-05T12:09:00Z,2001.209,2002.209,2000.209,2001.209,CLOSED,10
XAUUSD,2025-01-05T12:10:00Z,2001.21,2002.21,2000.21,2001.21,CLOSED,10
XAUUSD,2025-01-05T12:11:00Z,2001.211,2002.211,2000.211,2001.211,CLOSED,10
XAUUSD,2025-01-05T12:12:00Z,2001.212,2002.212,2000.212,2001.212,CLOSED,10
XAUUSD,2025-01-05T12:13:00Z,2001.213,2002.213,2000.213,2001.213,CLOSED,10
XAUUSD,2025-01-05T12:14:00Z,2001.214,2002.214,2000.214,2001.214,CLOSED,10
XAUUSD,2025-01-05T12:15:00Z,2001.2150000000001,2002.2150000000001,2000.2150000000001,2001.2150000000001,CLOSED,10
XAUUSD,2025-01-05T12:16:00Z,2001.2160000000001,2002.2160000000001,2000.2160000000001,2001.2160000000001,CLOSED,10
XAUUSD,2025-01-05T12:17:00Z,2001.217,2002.217,2000.217,2001.217,CLOSED,10
XAUUSD,2025-01-05T12:18:00Z,2001.218,2002.218,2000.218,2001.218,CLOSED,10
XAUUSD,2025-01-05T12:19:00Z,2001.219,2002.219,2000.219,2001.219,CLOSED,10
XAUUSD,2025-01-05T12:20:00Z,2001.22,2002.22,2000.22,2001.22,CLOSED,10
XAUUSD,2025-01-05T12:21:00Z,2001.221,2002.221,2000.221,2001.221,CLOSED,10
XAUUSD,2025-01-05T12:22:00Z,2001.222,2002.222,2000.222,2001.222,CLOSED,10
XAUUSD,2025-01-05T12:23:00Z,2001.223,2002.223,2000.223,2001.223,CLOSED,10
XAUUSD,2025-01-05T12:24:00Z,2001.224,2002.224,2000.224,2001.224,CLOSED,10
XAUUSD,2025-01-05T12:25:00Z,2001.2250000000001,2002.2250000000001,2000.2250000000001,2001.2250000000001,CLOSED,10
XAUUSD,2025-01-05T12:26:00Z,2001.226,2002.226,2000.226,2001.226,CLOSED,10
XAUUSD,2025-01-05T12:27:00Z,2001.227,2002.227,2000.227,2001.227,CLOSED,10
XAUUSD,2025-01-05T12:28:00Z,2001.228,2002.228,2000.228,2001.228,CLOSED,10
XAUUSD,2025-01-05T12:29:00Z,2001.229,2002.229,2000.229,2001.229,CLOSED,10
XAUUSD,2025-01-05T12:30:00Z,2001.23,2002.23,2000.23,2001.23,CLOSED,10
XAUUSD,2025-01-05T12:31:00Z,2001.231,2002.231,2000.231,2001.231,CLOSED,10
XAUUSD,2025-01-05T12:32:00Z,2001.232,2002.232,2000.232,2001.232,CLOSED,10
XAUUSD,2025-01-05T12:33:00Z,2001.233,2002.233,2000.233,2001.233,CLOSED,10
XAUUSD,2025-01-05T12:34:00Z,2001.2340000000002,2002.2340000000002,2000.2340000000002,2001.2340000000002,CLOSED,10
XAUUSD,2025-01-05T12:35:00Z,2001.2350000000001,2002.2350000000001,2000.2350000000001,2001.2350000000001,CLOSED,10
XAUUSD,2025-01-05T12:36:00Z,2001.236,2002.236,2000.236,2001.236,CLOSED,10
XAUUSD,2025-01-05T12:37:00Z,2001.237,2002.237,2000.237,2001.237,CLOSED,10
XAUUSD,2025-01-05T12:38:00Z,2001.238,2002.238,2000.238,2001.238,CLOSED,10
XAUUSD,2025-01-05T12:39:00Z,2001.239,2002.239,2000.239,2001.239,CLOSED,10
XAUUSD,2025-01-05T12:40:00Z,2001.24,2002.24,2000.24,2001.24,CLOSED,10
XAUUSD,2025-01-05T12:41:00Z,2001.241,2002.241,2000.241,2001.241,CLOSED,10
XAUUSD,2025-01-05T12:42:00Z,2001.242,2002.242,2000.242,2001.242,CLOSED,10
XAUUSD,2025-01-05T12:43:00Z,2001.243,2002.243,2000.243,2001.243,CLOSED,10
XAUUSD,2025-01-05T12:44:00Z,2001.2440000000001,2002.2440000000001,2000.2440000000001,2001.2440000000001,CLOSED,10
XAUUSD,2025-01-05T12:45:00Z,2001.2450000000001,2002.2450000000001,2000.2450000000001,2001.2450000000001,CLOSED,10
XAUUSD,2025-01-05T12:46:00Z,2001.246,2002.246,2000.246,2001.246,CLOSED,10
XAUUSD,2025-01-05T12:47:00Z,2001.247,2002.247,2000.247,2001.247,CLOSED,10
XAUUSD,2025-01-05T12:48:00Z,2001.248,2002.248,2000.248,2001.248,CLOSED,10
XAUUSD,2025-01-05T12:49:00Z,2001.249,2002.249,2000.249,2001.249,CLOSED,10
XAUUSD,2025-01-05T12:50:00Z,2001.25,2002.25,2000.25,2001.25,CLOSED,10
XAUUSD,2025-01-05T12:51:00Z,2001.251,2002.251,2000.251,2001.251,CLOSED,10
XAUUSD,2025-01-05T12:52:00Z,2001.252,2002.252,2000.252,2001.252,CLOSED,10
XAUUSD,2025-01-05T12:53:00Z,2001.2530000000002,2002.2530000000002,2000.2530000000002,2001.2530000000002,CLOSED,10
XAUUSD,2025-01-05T12:54:00Z,2001.2540000000001,2002.2540000000001,2000.2540000000001,2001.2540000000001,CLOSED,10
XAUUSD,2025-01-05T12:55:00Z,2001.255,2002.255,2000.255,2001.255,CLOSED,10
XAUUSD,2025-01-05T12:56:00Z,2001.256,2002.256,2000.256,2001.256,CLOSED,10
XAUUSD,2025-01-05T12:57:00Z,2001.257,2002.257,2000.257,2001.257,CLOSED,10
XAUUSD,2025-01-05T12:58:00Z,2001.258,2002.258,2000.258,2001.258,CLOSED,10
XAUUSD,2025-01-05T12:59:00Z,2001.259,2002.259,2000.259,2001.259,CLOSED,10
XAUUSD,2025-01-05T13:00:00Z,2001.26,2002.26,2000.26,2001.26,CLOSED,10
XAUUSD,2025-01-05T13:01:00Z,2001.261,2002.261,2000.261,2001.261,CLOSED,10
XAUUSD,2025-01-05T13:02:00Z,2001.262,2002.262,2000.262,2001.262,CLOSED,10
XAUUSD,2025-01-05T13:03:00Z,2001.2630000000001,2002.2630000000001,2000.2630000000001,2001.2630000000001,CLOSED,10
XAUUSD,2025-01-05T13:04:00Z,2001.2640000000001,2002.2640000000001,2000.2640000000001,2001.2640000000001,CLOSED,10
XAUUSD,2025-01-05T13:05:00Z,2001.265,2002.265,2000.265,2001.265,CLOSED,10
XAUUSD,2025-01-05T13:06:00Z,2001.266,2002.266,2000.266,2001.266,CLOSED,10
XAUUSD,2025-01-05T13:07:00Z,2001.267,2002.267,2000.267,2001.267,CLOSED,10
XAUUSD,2025-01-05T13:08:00Z,2001.268,2002.268,2000.268,2001.268,CLOSED,10
XAUUSD,2025-01-05T13:09:00Z,2001.269,2002.269,2000.269,2001.269,CLOSED,10
XAUUSD,2025-01-05T13:10:00Z,2001.27,2002.27,2000.27,2001.27,CLOSED,10
XAUUSD,2025-01-05T13:11:00Z,2001.271,2002.271,2000.271,2001.271,CLOSED,10
XAUUSD,2025-01-05T13:12:00Z,2001.272,2002.272,2000.272,2001.272,CLOSED,10
XAUUSD,2025-01-05T13:13:00Z,2001.2730000000001,2002.2730000000001,2000.2730000000001,2001.2730000000001,CLOSED,10
XAUUSD,2025-01-05T13:14:00Z,2001.2740000000001,2002.2740000000001,2000.2740000000001,2001.2740000000001,CLOSED,10
XAUUSD,2025-01-05T13:15:00Z,2001.275,2002.275,2000.275,2001.275,CLOSED,10
XAUUSD,2025-01-05T13:16:00Z,2001.276,2002.276,2000.276,2001.276,CLOSED,10
XAUUSD,2025-01-05T13:17:00Z,2001.277,2002.277,2000.277,2001.277,CLOSED,10
XAUUSD,2025-01-05T13:18:00Z,2001.278,2002.278,2000.278,2001.278,CLOSED,10
XAUUSD,2025-01-05T13:19:00Z,2001.279,2002.279,2000.279,2001.279,CLOSED,10
XAUUSD,2025-01-05T13:20:00Z,2001.28,2002.28,2000.28,2001.28,CLOSED,10
XAUUSD,2025-01-05T13:21:00Z,2001.281,2002.281,2000.281,2001.281,CLOSED,10
XAUUSD,2025-01-05T13:22:00Z,2001.2820000000002,2002.2820000000002,2000.2820000000002,2001.2820000000002,CLOSED,10
XAUUSD,2025-01-05T13:23:00Z,2001.2830000000001,2002.2830000000001,2000.2830000000001,2001.2830000000001,CLOSED,10
XAUUSD,2025-01-05T13:24:00Z,2001.284,2002.284,2000.284,2001.284,CLOSED,10
XAUUSD,2025-01-05T13:25:00Z,2001.285,2002.285,2000.285,2001.285,CLOSED,10
XAUUSD,2025-01-05T13:26:00Z,2001.286,2002.286,2000.286,2001.286,CLOSED,10
XAUUSD,2025-01-05T13:27:00Z,2001.287,2002.287,2000.287,2001.287,CLOSED,10
XAUUSD,2025-01-05T13:28:00Z,2001.288,2002.288,2000.288,2001.288,CLOSED,10
XAUUSD,2025-01-05T13:29:00Z,2001.289,2002.289,2000.289,2001.289,CLOSED,10
XAUUSD,2025-01-05T13:30:00Z,2001.29,2002.29,2000.29,2001.29,CLOSED,10
XAUUSD,2025-01-05T13:31:00Z,2001.291,2002.291,2000.291,2001.291,CLOSED,10
XAUUSD,2025-01-05T13:32:00Z,2001.2920000000001,2002.2920000000001,2000.2920000000001,2001.2920000000001,CLOSED,10
XAUUSD,2025-01-05T13:33:00Z,2001.2930000000001,2002.2930000000001,2000.2930000000001,2001.2930000000001,CLOSED,10
XAUUSD,2025-01-05T13:34:00Z,2001.294,2002.294,2000.294,2001.294,CLOSED,10
XAUUSD,2025-01-05T13:35:00Z,2001.295,2002.295,2000.295,2001.295,CLOSED,10
XAUUSD,2025-01-05T13:36:00Z,2001.296,2002.296,2000.296,2001.296,CLOSED,10
XAUUSD,2025-01-05T13:37:00Z,2001.297,2002.297,2000.297,2001.297,CLOSED,10
XAUUSD,2025-01-05T13:38:00Z,2001.298,2002.298,2000.298,2001.298,CLOSED,10
XAUUSD,2025-01-05T13:39:00Z,2001.299,2002.299,2000.299,2001.299,CLOSED,10
XAUUSD,2025-01-05T13:40:00Z,2001.3,2002.3,2000.3,2001.3,CLOSED,10
XAUUSD,2025-01-05T13:41:00Z,2001.3010000000002,2002.3010000000002,2000.3010000000002,2001.3010000000002,CLOSED,10
XAUUSD,2025-01-05T13:42:00Z,2001.3020000000001,2002.3020000000001,2000.3020000000001,2001.3020000000001,CLOSED,10
XAUUSD,2025-01-05T13:43:00Z,2001.303,2002.303,2000.303,2001.303,CLOSED,10
XAUUSD,2025-01-05T13:44:00Z,2001.304,2002.304,2000.304,2001.304,CLOSED,10
XAUUSD,2025-01-05T13:45:00Z,2001.305,2002.305,2000.305,2001.305,CLOSED,10
XAUUSD,2025-01-05T13:46:00Z,2001.306,2002.306,2000.306,2001.306,CLOSED,10
XAUUSD,2025-01-05T13:47:00Z,2001.307,2002.307,2000.307,2001.307,CLOSED,10
XAUUSD,2025-01-05T13:48:00Z,2001.308,2002.308,2000.308,2001.308,CLOSED,10
XAUUSD,2025-01-05T13:49:00Z,2001.309,2002.309,2000.309,2001.309,CLOSED,10
XAUUSD,2025-01-05T13:50:00Z,2001.31,2002.31,2000.31,2001.31,CLOSED,10
XAUUSD,2025-01-05T13:51:00Z,2001.3110000000001,2002.3110000000001,2000.3110000000001,2001.3110000000001,CLOSED,10
XAUUSD,2025-01-05T13:52:00Z,2001.3120000000001,2002.3120000000001,2000.3120000000001,2001.3120000000001,CLOSED,10
XAUUSD,2025-01-05T13:53:00Z,2001.313,2002.313,2000.313,2001.313,CLOSED,10
XAUUSD,2025-01-05T13:54:00Z,2001.314,2002.314,2000.314,2001.314,CLOSED,10
XAUUSD,2025-01-05T13:55:00Z,2001.315,2002.315,2000.315,2001.315,CLOSED,10
XAUUSD,2025-01-05T13:56:00Z,2001.316,2002.316,2000.316,2001.316,CLOSED,10
XAUUSD,2025-01-05T13:57:00Z,2001.317,2002.317,2000.317,2001.317,CLOSED,10
XAUUSD,2025-01-05T13:58:00Z,2001.318,2002.318,2000.318,2001.318,CLOSED,10
XAUUSD,2025-01-05T13:59:00Z,2001.319,2002.319,2000.319,2001.319,CLOSED,10
XAUUSD,2025-01-05T14:00:00Z,2001.32,2002.32,2000.32,2001.32,CLOSED,10
XAUUSD,2025-01-05T14:01:00Z,2001.3210000000001,2002.3210000000001,2000.3210000000001,2001.3210000000001,CLOSED,10
XAUUSD,2025-01-05T14:02:00Z,2001.3220000000001,2002.3220000000001,2000.3220000000001,2001.3220000000001,CLOSED,10
XAUUSD,2025-01-05T14:03:00Z,2001.323,2002.323,2000.323,2001.323,CLOSED,10
XAUUSD,2025-01-05T14:04:00Z,2001.324,2002.324,2000.324,2001.324,CLOSED,10
XAUUSD,2025-01-05T14:05:00Z,2001.325,2002.325,2000.325,2001.325,CLOSED,10
XAUUSD,2025-01-05T14:06:00Z,2001.326,2002.326,2000.326,2001.326,CLOSED,10
XAUUSD,2025-01-05T14:07:00Z,2001.327,2002.327,2000.327,2001.327,CLOSED,10
XAUUSD,2025-01-05T14:08:00Z,2001.328,2002.328,2000.328,2001.328,CLOSED,10
XAUUSD,2025-01-05T14:09:00Z,2001.329,2002.329,2000.329,2001.329,CLOSED,10
XAUUSD,2025-01-05T14:10:00Z,2001.3300000000002,2002.3300000000002,2000.3300000000002,2001.3300000000002,CLOSED,10
XAUUSD,2025-01-05T14:11:00Z,2001.3310000000001,2002.3310000000001,2000.3310000000001,2001.3310000000001,CLOSED,10
XAUUSD,2025-01-05T14:12:00Z,2001.332,2002.332,2000.332,2001.332,CLOSED,10
XAUUSD,2025-01-05T14:13:00Z,2001.333,2002.333,2000.333,2001.333,CLOSED,10
XAUUSD,2025-01-05T14:14:00Z,2001.334,2002.334,2000.334,2001.334,CLOSED,10
XAUUSD,2025-01-05T14:15:00Z,2001.335,2002.335,2000.335,2001.335,CLOSED,10
XAUUSD,2025-01-05T14:16:00Z,2001.336,2002.336,2000.336,2001.336,CLOSED,10
XAUUSD,2025-01-05T14:17:00Z,2001.337,2002.337,2000.337,2001.337,CLOSED,10
XAUUSD,2025-01-05T14:18:00Z,2001.338,2002.338,2000.338,2001.338,CLOSED,10
XAUUSD,2025-01-05T14:19:00Z,2001.339,2002.339,2000.339,2001.339,CLOSED,10
XAUUSD,2025-01-05T14:20:00Z,2001.3400000000001,2002.3400000000001,2000.3400000000001,2001.3400000000001,CLOSED,10
XAUUSD,2025-01-05T14:21:00Z,2001.3410000000001,2002.3410000000001,2000.3410000000001,2001.3410000000001,CLOSED,10
XAUUSD,2025-01-05T14:22:00Z,2001.342,2002.342,2000.342,2001.342,CLOSED,10
XAUUSD,2025-01-05T14:23:00Z,2001.343,2002.343,2000.343,2001.343,CLOSED,10
XAUUSD,2025-01-05T14:24:00Z,2001.344,2002.344,2000.344,2001.344,CLOSED,10
XAUUSD,2025-01-05T14:25:00Z,2001.345,2002.345,2000.345,2001.345,CLOSED,10
XAUUSD,2025-01-05T14:26:00Z,2001.346,2002.346,2000.346,2001.346,CLOSED,10
XAUUSD,2025-01-05T14:27:00Z,2001.347,2002.347,2000.347,2001.347,CLOSED,10
XAUUSD,2025-01-05T14:28:00Z,2001.348,2002.348,2000.348,2001.348,CLOSED,10
XAUUSD,2025-01-05T14:29:00Z,2001.349,2002.349,2000.349,2001.349,CLOSED,10
XAUUSD,2025-01-05T14:30:00Z,2001.3500000000001,2002.3500000000001,2000.3500000000001,2001.3500000000001,CLOSED,10
XAUUSD,2025-01-05T14:31:00Z,2001.351,2002.351,2000.351,2001.351,CLOSED,10
XAUUSD,2025-01-05T14:32:00Z,2001.352,2002.352,2000.352,2001.352,CLOSED,10
XAUUSD,2025-01-05T14:33:00Z,2001.353,2002.353,2000.353,2001.353,CLOSED,10
XAUUSD,2025-01-05T14:34:00Z,2001.354,2002.354,2000.354,2001.354,CLOSED,10
XAUUSD,2025-01-05T14:35:00Z,2001.355,2002.355,2000.355,2001.355,CLOSED,10
XAUUSD,2025-01-05T14:36:00Z,2001.356,2002.356,2000.356,2001.356,CLOSED,10
XAUUSD,2025-01-05T14:37:00Z,2001.357,2002.357,2000.357,2001.357,CLOSED,10
XAUUSD,2025-01-05T14:38:00Z,2001.358,2002.358,2000.358,2001.358,CLOSED,10
XAUUSD,2025-01-05T14:39:00Z,2001.3590000000002,2002.3590000000002,2000.3590000000002,2001.3590000000002,CLOSED,10
XAUUSD,2025-01-05T14:40:00Z,2001.3600000000001,2002.3600000000001,2000.3600000000001,2001.3600000000001,CLOSED,10
XAUUSD,2025-01-05T14:41:00Z,2001.361,2002.361,2000.361,2001.361,CLOSED,10
XAUUSD,2025-01-05T14:42:00Z,2001.362,2002.362,2000.362,2001.362,CLOSED,10
XAUUSD,2025-01-05T14:43:00Z,2001.363,2002.363,2000.363,2001.363,CLOSED,10
XAUUSD,2025-01-05T14:44:00Z,2001.364,2002.364,2000.364,2001.364,CLOSED,10
XAUUSD,2025-01-05T14:45:00Z,2001.365,2002.365,2000.365,2001.365,CLOSED,10
XAUUSD,2025-01-05T14:46:00Z,2001.366,2002.366,2000.366,2001.366,CLOSED,10
XAUUSD,2025-01-05T14:47:00Z,2001.367,2002.367,2000.367,2001.367,CLOSED,10
XAUUSD,2025-01-05T14:48:00Z,2001.368,2002.368,2000.368,2001.368,CLOSED,10
XAUUSD,2025-01-05T14:49:00Z,2001.3690000000001,2002.3690000000001,2000.3690000000001,2001.3690000000001,CLOSED,10
XAUUSD,2025-01-05T14:50:00Z,2001.3700000000001,2002.3700000000001,2000.3700000000001,2001.3700000000001,CLOSED,10
XAUUSD,2025-01-05T14:51:00Z,2001.371,2002.371,2000.371,2001.371,CLOSED,10
XAUUSD,2025-01-05T14:52:00Z,2001.372,2002.372,2000.372,2001.372,CLOSED,10
XAUUSD,2025-01-05T14:53:00Z,2001.373,2002.373,2000.373,2001.373,CLOSED,10
XAUUSD,2025-01-05T14:54:00Z,2001.374,2002.374,2000.374,2001.374,CLOSED,10
XAUUSD,2025-01-05T14:55:00Z,2001.375,2002.375,2000.375,2001.375,CLOSED,10
XAUUSD,2025-01-05T14:56:00Z,2001.376,2002.376,2000.376,2001.376,CLOSED,10
XAUUSD,2025-01-05T14:57:00Z,2001.377,2002.377,2000.377,2001.377,CLOSED,10
XAUUSD,2025-01-05T14:58:00Z,2001.3780000000002,2002.3780000000002,2000.3780000000002,2001.3780000000002,CLOSED,10
XAUUSD,2025-01-05T14:59:00Z,2001.3790000000001,2002.3790000000001,2000.3790000000001,2001.3790000000001,CLOSED,10
XAUUSD,2025-01-05T15:00:00Z,2001.38,2002.38,2000.38,2001.38,CLOSED,10
XAUUSD,2025-01-05T15:01:00Z,2001.381,2002.381,2000.381,2001.381,CLOSED,10
XAUUSD,2025-01-05T15:02:00Z,2001.382,2002.382,2000.382,2001.382,CLOSED,10
XAUUSD,2025-01-05T15:03:00Z,2001.383,2002.383,2000.383,2001.383,CLOSED,10
XAUUSD,2025-01-05T15:04:00Z,2001.384,2002.384,2000.384,2001.384,CLOSED,10
XAUUSD,2025-01-05T15:05:00Z,2001.385,2002.385,2000.385,2001.385,CLOSED,10
XAUUSD,2025-01-05T15:06:00Z,2001.386,2002.386,2000.386,2001.386,CLOSED,10
XAUUSD,2025-01-05T15:07:00Z,2001.387,2002.387,2000.387,2001.387,CLOSED,10
XAUUSD,2025-01-05T15:08:00Z,2001.3880000000001,2002.3880000000001,2000.3880000000001,2001.3880000000001,CLOSED,10
XAUUSD,2025-01-05T15:09:00Z,2001.3890000000001,2002.3890000000001,2000.3890000000001,2001.3890000000001,CLOSED,10
XAUUSD,2025-01-05T15:10:00Z,2001.39,2002.39,2000.39,2001.39,CLOSED,10
XAUUSD,2025-01-05T15:11:00Z,2001.391,2002.391,2000.391,2001.391,CLOSED,10
XAUUSD,2025-01-05T15:12:00Z,2001.392,2002.392,2000.392,2001.392,CLOSED,10
XAUUSD,2025-01-05T15:13:00Z,2001.393,2002.393,2000.393,2001.393,CLOSED,10
XAUUSD,2025-01-05T15:14:00Z,2001.394,2002.394,2000.394,2001.394,CLOSED,10
XAUUSD,2025-01-05T15:15:00Z,2001.395,2002.395,2000.395,2001.395,CLOSED,10
XAUUSD,2025-01-05T15:16:00Z,2001.396,2002.396,2000.396,2001.396,CLOSED,10
XAUUSD,2025-01-05T15:17:00Z,2001.397,2002.397,2000.397,2001.397,CLOSED,10
XAUUSD,2025-01-05T15:18:00Z,2001.3980000000001,2002.3980000000001,2000.3980000000001,2001.3980000000001,CLOSED,10
XAUUSD,2025-01-05T15:19:00Z,2001.3990000000001,2002.3990000000001,2000.3990000000001,2001.3990000000001,CLOSED,10
XAUUSD,2025-01-05T15:20:00Z,2001.4,2002.4,2000.4,2001.4,CLOSED,10
XAUUSD,2025-01-05T15:21:00Z,2001.401,2002.401,2000.401,2001.401,CLOSED,10
XAUUSD,2025-01-05T15:22:00Z,2001.402,2002.402,2000.402,2001.402,CLOSED,10
XAUUSD,2025-01-05T15:23:00Z,2001.403,2002.403,2000.403,2001.403,CLOSED,10
XAUUSD,2025-01-05T15:24:00Z,2001.404,2002.404,2000.404,2001.404,CLOSED,10
XAUUSD,2025-01-05T15:25:00Z,2001.405,2002.405,2000.405,2001.405,CLOSED,10
XAUUSD,2025-01-05T15:26:00Z,2001.406,2002.406,2000.406,2001.406,CLOSED,10
XAUUSD,2025-01-05T15:27:00Z,2001.4070000000002,2002.4070000000002,2000.4070000000002,2001.4070000000002,CLOSED,10
XAUUSD,2025-01-05T15:28:00Z,2001.4080000000001,2002.4080000000001,2000.4080000000001,2001.4080000000001,CLOSED,10
XAUUSD,2025-01-05T15:29:00Z,2001.409,2002.409,2000.409,2001.409,CLOSED,10
XAUUSD,2025-01-06T12:00:00Z,2001.5,2002.5,2000.5,2001.5,CLOSED,10
XAUUSD,2025-01-06T12:01:00Z,2001.501,2002.501,2000.501,2001.501,CLOSED,10
XAUUSD,2025-01-06T12:02:00Z,2001.502,2002.502,2000.502,2001.502,CLOSED,10
XAUUSD,2025-01-06T12:03:00Z,2001.503,2002.503,2000.503,2001.503,CLOSED,10
XAUUSD,2025-01-06T12:04:00Z,2001.504,2002.504,2000.504,2001.504,CLOSED,10
XAUUSD,2025-01-06T12:05:00Z,2001.505,2002.505,2000.505,2001.505,CLOSED,10
XAUUSD,2025-01-06T12:06:00Z,2001.506,2002.506,2000.506,2001.506,CLOSED,10
XAUUSD,2025-01-06T12:07:00Z,2001.507,2002.507,2000.507,2001.507,CLOSED,10
XAUUSD,2025-01-06T12:08:00Z,2001.508,2002.508,2000.508,2001.508,CLOSED,10
XAUUSD,2025-01-06T12:09:00Z,2001.509,2002.509,2000.509,2001.509,CLOSED,10
XAUUSD,2025-01-06T12:10:00Z,2001.51,2002.51,2000.51,2001.51,CLOSED,10
XAUUSD,2025-01-06T12:11:00Z,2001.511,2002.511,2000.511,2001.511,CLOSED,10
XAUUSD,2025-01-06T12:12:00Z,2001.512,2002.512,2000.512,2001.512,CLOSED,10
XAUUSD,2025-01-06T12:13:00Z,2001.513,2002.513,2000.513,2001.513,CLOSED,10
XAUUSD,2025-01-06T12:14:00Z,2001.514,2002.514,2000.514,2001.514,CLOSED,10
XAUUSD,2025-01-06T12:15:00Z,2001.515,2002.515,2000.515,2001.515,CLOSED,10
XAUUSD,2025-01-06T12:16:00Z,2001.516,2002.516,2000.516,2001.516,CLOSED,10
XAUUSD,2025-01-06T12:17:00Z,2001.517,2002.517,2000.517,2001.517,CLOSED,10
XAUUSD,2025-01-06T12:18:00Z,2001.518,2002.518,2000.518,2001.518,CLOSED,10
XAUUSD,2025-01-06T12:19:00Z,2001.519,2002.519,2000.519,2001.519,CLOSED,10
XAUUSD,2025-01-06T12:20:00Z,2001.52,2002.52,2000.52,2001.52,CLOSED,10
XAUUSD,2025-01-06T12:21:00Z,2001.521,2002.521,2000.521,2001.521,CLOSED,10
XAUUSD,2025-01-06T12:22:00Z,2001.522,2002.522,2000.522,2001.522,CLOSED,10
XAUUSD,2025-01-06T12:23:00Z,2001.523,2002.523,2000.523,2001.523,CLOSED,10
XAUUSD,2025-01-06T12:24:00Z,2001.524,2002.524,2000.524,2001.524,CLOSED,10
XAUUSD,2025-01-06T12:25:00Z,2001.525,2002.525,2000.525,2001.525,CLOSED,10
XAUUSD,2025-01-06T12:26:00Z,2001.526,2002.526,2000.526,2001.526,CLOSED,10
XAUUSD,2025-01-06T12:27:00Z,2001.527,2002.527,2000.527,2001.527,CLOSED,10
XAUUSD,2025-01-06T12:28:00Z,2001.528,2002.528,2000.528,2001.528,CLOSED,10
XAUUSD,2025-01-06T12:29:00Z,2001.529,2002.529,2000.529,2001.529,CLOSED,10
XAUUSD,2025-01-06T12:30:00Z,2001.53,2002.53,2000.53,2001.53,CLOSED,10
XAUUSD,2025-01-06T12:31:00Z,2001.531,2002.531,2000.531,2001.531,CLOSED,10
XAUUSD,2025-01-06T12:32:00Z,2001.532,2002.532,2000.532,2001.532,CLOSED,10
XAUUSD,2025-01-06T12:33:00Z,2001.533,2002.533,2000.533,2001.533,CLOSED,10
XAUUSD,2025-01-06T12:34:00Z,2001.534,2002.534,2000.534,2001.534,CLOSED,10
XAUUSD,2025-01-06T12:35:00Z,2001.535,2002.535,2000.535,2001.535,CLOSED,10
XAUUSD,2025-01-06T12:36:00Z,2001.536,2002.536,2000.536,2001.536,CLOSED,10
XAUUSD,2025-01-06T12:37:00Z,2001.537,2002.537,2000.537,2001.537,CLOSED,10
XAUUSD,2025-01-06T12:38:00Z,2001.538,2002.538,2000.538,2001.538,CLOSED,10
XAUUSD,2025-01-06T12:39:00Z,2001.539,2002.539,2000.539,2001.539,CLOSED,10
XAUUSD,2025-01-06T12:40:00Z,2001.54,2002.54,2000.54,2001.54,CLOSED,10
XAUUSD,2025-01-06T12:41:00Z,2001.541,2002.541,2000.541,2001.541,CLOSED,10
XAUUSD,2025-01-06T12:42:00Z,2001.542,2002.542,2000.542,2001.542,CLOSED,10
XAUUSD,2025-01-06T12:43:00Z,2001.543,2002.543,2000.543,2001.543,CLOSED,10
XAUUSD,2025-01-06T12:44:00Z,2001.544,2002.544,2000.544,2001.544,CLOSED,10
XAUUSD,2025-01-06T12:45:00Z,2001.545,2002.545,2000.545,2001.545,CLOSED,10
XAUUSD,2025-01-06T12:46:00Z,2001.546,2002.546,2000.546,2001.546,CLOSED,10
XAUUSD,2025-01-06T12:47:00Z,2001.547,2002.547,2000.547,2001.547,CLOSED,10
XAUUSD,2025-01-06T12:48:00Z,2001.548,2002.548,2000.548,2001.548,CLOSED,10
XAUUSD,2025-01-06T12:49:00Z,2001.549,2002.549,2000.549,2001.549,CLOSED,10
XAUUSD,2025-01-06T12:50:00Z,2001.55,2002.55,2000.55,2001.55,CLOSED,10
XAUUSD,2025-01-06T12:51:00Z,2001.551,2002.551,2000.551,2001.551,CLOSED,10
XAUUSD,2025-01-06T12:52:00Z,2001.552,2002.552,2000.552,2001.552,CLOSED,10
XAUUSD,2025-01-06T12:53:00Z,2001.553,2002.553,2000.553,2001.553,CLOSED,10
XAUUSD,2025-01-06T12:54:00Z,2001.554,2002.554,2000.554,2001.554,CLOSED,10
XAUUSD,2025-01-06T12:55:00Z,2001.555,2002.555,2000.555,2001.555,CLOSED,10
XAUUSD,2025-01-06T12:56:00Z,2001.556,2002.556,2000.556,2001.556,CLOSED,10
XAUUSD,2025-01-06T12:57:00Z,2001.557,2002.557,2000.557,2001.557,CLOSED,10
XAUUSD,2025-01-06T12:58:00Z,2001.558,2002.558,2000.558,2001.558,CLOSED,10
XAUUSD,2025-01-06T12:59:00Z,2001.559,2002.559,2000.559,2001.559,CLOSED,10
XAUUSD,2025-01-06T13:00:00Z,2001.56,2002.56,2000.56,2001.56,CLOSED,10
XAUUSD,2025-01-06T13:01:00Z,2001.561,2002.561,2000.561,2001.561,CLOSED,10
XAUUSD,2025-01-06T13:02:00Z,2001.562,2002.562,2000.562,2001.562,CLOSED,10
XAUUSD,2025-01-06T13:03:00Z,2001.563,2002.563,2000.563,2001.563,CLOSED,10
XAUUSD,2025-01-06T13:04:00Z,2001.564,2002.564,2000.564,2001.564,CLOSED,10
XAUUSD,2025-01-06T13:05:00Z,2001.565,2002.565,2000.565,2001.565,CLOSED,10
XAUUSD,2025-01-06T13:06:00Z,2001.566,2002.566,2000.566,2001.566,CLOSED,10
XAUUSD,2025-01-06T13:07:00Z,2001.567,2002.567,2000.567,2001.567,CLOSED,10
XAUUSD,2025-01-06T13:08:00Z,2001.568,2002.568,2000.568,2001.568,CLOSED,10
XAUUSD,2025-01-06T13:09:00Z,2001.569,2002.569,2000.569,2001.569,CLOSED,10
XAUUSD,2025-01-06T13:10:00Z,2001.57,2002.57,2000.57,2001.57,CLOSED,10
XAUUSD,2025-01-06T13:11:00Z,2001.571,2002.571,2000.571,2001.571,CLOSED,10
XAUUSD,2025-01-06T13:12:00Z,2001.572,2002.572,2000.572,2001.572,CLOSED,10
XAUUSD,2025-01-06T13:13:00Z,2001.573,2002.573,2000.573,2001.573,CLOSED,10
XAUUSD,2025-01-06T13:14:00Z,2001.574,2002.574,2000.574,2001.574,CLOSED,10
XAUUSD,2025-01-06T13:15:00Z,2001.575,2002.575,2000.575,2001.575,CLOSED,10
XAUUSD,2025-01-06T13:16:00Z,2001.576,2002.576,2000.576,2001.576,CLOSED,10
XAUUSD,2025-01-06T13:17:00Z,2001.577,2002.577,2000.577,2001.577,CLOSED,10
XAUUSD,2025-01-06T13:18:00Z,2001.578,2002.578,2000.578,2001.578,CLOSED,10
XAUUSD,2025-01-06T13:19:00Z,2001.579,2002.579,2000.579,2001.579,CLOSED,10
XAUUSD,2025-01-06T13:20:00Z,2001.58,2002.58,2000.58,2001.58,CLOSED,10
XAUUSD,2025-01-06T13:21:00Z,2001.581,2002.581,2000.581,2001.581,CLOSED,10
XAUUSD,2025-01-06T13:22:00Z,2001.582,2002.582,2000.582,2001.582,CLOSED,10
XAUUSD,2025-01-06T13:23:00Z,2001.583,2002.583,2000.583,2001.583,CLOSED,10
XAUUSD,2025-01-06T13:24:00Z,2001.584,2002.584,2000.584,2001.584,CLOSED,10
XAUUSD,2025-01-06T13:25:00Z,2001.585,2002.585,2000.585,2001.585,CLOSED,10
XAUUSD,2025-01-06T13:26:00Z,2001.586,2002.586,2000.586,2001.586,CLOSED,10
XAUUSD,2025-01-06T13:27:00Z,2001.587,2002.587,2000.587,2001.587,CLOSED,10
XAUUSD,2025-01-06T13:28:00Z,2001.588,2002.588,2000.588,2001.588,CLOSED,10
XAUUSD,2025-01-06T13:29:00Z,2001.589,2002.589,2000.589,2001.589,CLOSED,10
XAUUSD,2025-01-06T13:30:00Z,2001.59,2002.59,2000.59,2001.59,CLOSED,10
XAUUSD,2025-01-06T13:31:00Z,2001.591,2002.591,2000.591,2001.591,CLOSED,10
XAUUSD,2025-01-06T13:32:00Z,2001.592,2002.592,2000.592,2001.592,CLOSED,10
XAUUSD,2025-01-06T13:33:00Z,2001.593,2002.593,2000.593,2001.593,CLOSED,10
XAUUSD,2025-01-06T13:34:00Z,2001.594,2002.594,2000.594,2001.594,CLOSED,10
XAUUSD,2025-01-06T13:35:00Z,2001.595,2002.595,2000.595,2001.595,CLOSED,10
XAUUSD,2025-01-06T13:36:00Z,2001.596,2002.596,2000.596,2001.596,CLOSED,10
XAUUSD,2025-01-06T13:37:00Z,2001.597,2002.597,2000.597,2001.597,CLOSED,10
XAUUSD,2025-01-06T13:38:00Z,2001.598,2002.598,2000.598,2001.598,CLOSED,10
XAUUSD,2025-01-06T13:39:00Z,2001.599,2002.599,2000.599,2001.599,CLOSED,10
XAUUSD,2025-01-06T13:40:00Z,2001.6,2002.6,2000.6,2001.6,CLOSED,10
XAUUSD,2025-01-06T13:41:00Z,2001.601,2002.601,2000.601,2001.601,CLOSED,10
XAUUSD,2025-01-06T13:42:00Z,2001.602,2002.602,2000.602,2001.602,CLOSED,10
XAUUSD,2025-01-06T13:43:00Z,2001.603,2002.603,2000.603,2001.603,CLOSED,10
XAUUSD,2025-01-06T13:44:00Z,2001.604,2002.604,2000.604,2001.604,CLOSED,10
XAUUSD,2025-01-06T13:45:00Z,2001.605,2002.605,2000.605,2001.605,CLOSED,10
XAUUSD,2025-01-06T13:46:00Z,2001.606,2002.606,2000.606,2001.606,CLOSED,10
XAUUSD,2025-01-06T13:47:00Z,2001.607,2002.607,2000.607,2001.607,CLOSED,10
XAUUSD,2025-01-06T13:48:00Z,2001.608,2002.608,2000.608,2001.608,CLOSED,10
XAUUSD,2025-01-06T13:49:00Z,2001.609,2002.609,2000.609,2001.609,CLOSED,10
XAUUSD,2025-01-06T13:50:00Z,2001.61,2002.61,2000.61,2001.61,CLOSED,10
XAUUSD,2025-01-06T13:51:00Z,2001.611,2002.611,2000.611,2001.611,CLOSED,10
XAUUSD,2025-01-06T13:52:00Z,2001.612,2002.612,2000.612,2001.612,CLOSED,10
XAUUSD,2025-01-06T13:53:00Z,2001.613,2002.613,2000.613,2001.613,CLOSED,10
XAUUSD,2025-01-06T13:54:00Z,2001.614,2002.614,2000.614,2001.614,CLOSED,10
XAUUSD,2025-01-06T13:55:00Z,2001.615,2002.615,2000.615,2001.615,CLOSED,10
XAUUSD,2025-01-06T13:56:00Z,2001.616,2002.616,2000.616,2001.616,CLOSED,10
XAUUSD,2025-01-06T13:57:00Z,2001.617,2002.617,2000.617,2001.617,CLOSED,10
XAUUSD,2025-01-06T13:58:00Z,2001.618,2002.618,2000.618,2001.618,CLOSED,10
XAUUSD,2025-01-06T13:59:00Z,2001.619,2002.619,2000.619,2001.619,CLOSED,10
XAUUSD,2025-01-06T14:00:00Z,2001.62,2002.62,2000.62,2001.62,CLOSED,10
XAUUSD,2025-01-06T14:01:00Z,2001.621,2002.621,2000.621,2001.621,CLOSED,10
XAUUSD,2025-01-06T14:02:00Z,2001.622,2002.622,2000.622,2001.622,CLOSED,10
XAUUSD,2025-01-06T14:03:00Z,2001.623,2002.623,2000.623,2001.623,CLOSED,10
XAUUSD,2025-01-06T14:04:00Z,2001.624,2002.624,2000.624,2001.624,CLOSED,10
XAUUSD,2025-01-06T14:05:00Z,2001.625,2002.625,2000.625,2001.625,CLOSED,10
XAUUSD,2025-01-06T14:06:00Z,2001.626,2002.626,2000.626,2001.626,CLOSED,10
XAUUSD,2025-01-06T14:07:00Z,2001.627,2002.627,2000.627,2001.627,CLOSED,10
XAUUSD,2025-01-06T14:08:00Z,2001.628,2002.628,2000.628,2001.628,CLOSED,10
XAUUSD,2025-01-06T14:09:00Z,2001.629,2002.629,2000.629,2001.629,CLOSED,10
XAUUSD,2025-01-06T14:10:00Z,2001.63,2002.63,2000.63,2001.63,CLOSED,10
XAUUSD,2025-01-06T14:11:00Z,2001.631,2002.631,2000.631,2001.631,CLOSED,10
XAUUSD,2025-01-06T14:12:00Z,2001.632,2002.632,2000.632,2001.632,CLOSED,10
XAUUSD,2025-01-06T14:13:00Z,2001.633,2002.633,2000.633,2001.633,CLOSED,10
XAUUSD,2025-01-06T14:14:00Z,2001.634,2002.634,2000.634,2001.634,CLOSED,10
XAUUSD,2025-01-06T14:15:00Z,2001.635,2002.635,2000.635,2001.635,CLOSED,10
XAUUSD,2025-01-06T14:16:00Z,2001.636,2002.636,2000.636,2001.636,CLOSED,10
XAUUSD,2025-01-06T14:17:00Z,2001.637,2002.637,2000.637,2001.637,CLOSED,10
XAUUSD,2025-01-06T14:18:00Z,2001.638,2002.638,2000.638,2001.638,CLOSED,10
XAUUSD,2025-01-06T14:19:00Z,2001.639,2002.639,2000.639,2001.639,CLOSED,10
XAUUSD,2025-01-06T14:20:00Z,2001.64,2002.64,2000.64,2001.64,CLOSED,10
XAUUSD,2025-01-06T14:21:00Z,2001.641,2002.641,2000.641,2001.641,CLOSED,10
XAUUSD,2025-01-06T14:22:00Z,2001.642,2002.642,2000.642,2001.642,CLOSED,10
XAUUSD,2025-01-06T14:23:00Z,2001.643,2002.643,2000.643,2001.643,CLOSED,10
XAUUSD,2025-01-06T14:24:00Z,2001.644,2002.644,2000.644,2001.644,CLOSED,10
XAUUSD,2025-01-06T14:25:00Z,2001.645,2002.645,2000.645,2001.645,CLOSED,10
XAUUSD,2025-01-06T14:26:00Z,2001.646,2002.646,2000.646,2001.646,CLOSED,10
XAUUSD,2025-01-06T14:27:00Z,2001.647,2002.647,2000.647,2001.647,CLOSED,10
XAUUSD,2025-01-06T14:28:00Z,2001.648,2002.648,2000.648,2001.648,CLOSED,10
XAUUSD,2025-01-06T14:29:00Z,2001.649,2002.649,2000.649,2001.649,CLOSED,10
XAUUSD,2025-01-06T14:30:00Z,2001.65,2002.65,2000.65,2001.65,CLOSED,10
XAUUSD,2025-01-06T14:31:00Z,2001.651,2002.651,2000.651,2001.651,CLOSED,10
XAUUSD,2025-01-06T14:32:00Z,2001.652,2002.652,2000.652,2001.652,CLOSED,10
XAUUSD,2025-01-06T14:33:00Z,2001.653,2002.653,2000.653,2001.653,CLOSED,10
XAUUSD,2025-01-06T14:34:00Z,2001.654,2002.654,2000.654,2001.654,CLOSED,10
XAUUSD,2025-01-06T14:35:00Z,2001.655,2002.655,2000.655,2001.655,CLOSED,10
XAUUSD,2025-01-06T14:36:00Z,2001.656,2002.656,2000.656,2001.656,CLOSED,10
XAUUSD,2025-01-06T14:37:00Z,2001.657,2002.657,2000.657,2001.657,CLOSED,10
XAUUSD,2025-01-06T14:38:00Z,2001.658,2002.658,2000.658,2001.658,CLOSED,10
XAUUSD,2025-01-06T14:39:00Z,2001.659,2002.659,2000.659,2001.659,CLOSED,10
XAUUSD,2025-01-06T14:40:00Z,2001.66,2002.66,2000.66,2001.66,CLOSED,10
XAUUSD,2025-01-06T14:41:00Z,2001.661,2002.661,2000.661,2001.661,CLOSED,10
XAUUSD,2025-01-06T14:42:00Z,2001.662,2002.662,2000.662,2001.662,CLOSED,10
XAUUSD,2025-01-06T14:43:00Z,2001.663,2002.663,2000.663,2001.663,CLOSED,10
XAUUSD,2025-01-06T14:44:00Z,2001.664,2002.664,2000.664,2001.664,CLOSED,10
XAUUSD,2025-01-06T14:45:00Z,2001.665,2002.665,2000.665,2001.665,CLOSED,10
XAUUSD,2025-01-06T14:46:00Z,2001.666,2002.666,2000.666,2001.666,CLOSED,10
XAUUSD,2025-01-06T14:47:00Z,2001.667,2002.667,2000.667,2001.667,CLOSED,10
XAUUSD,2025-01-06T14:48:00Z,2001.668,2002.668,2000.668,2001.668,CLOSED,10
XAUUSD,2025-01-06T14:49:00Z,2001.669,2002.669,2000.669,2001.669,CLOSED,10
XAUUSD,2025-01-06T14:50:00Z,2001.67,2002.67,2000.67,2001.67,CLOSED,10
XAUUSD,2025-01-06T14:51:00Z,2001.671,2002.671,2000.671,2001.671,CLOSED,10
XAUUSD,2025-01-06T14:52:00Z,2001.672,2002.672,2000.672,2001.672,CLOSED,10
XAUUSD,2025-01-06T14:53:00Z,2001.673,2002.673,2000.673,2001.673,CLOSED,10
XAUUSD,2025-01-06T14:54:00Z,2001.674,2002.674,2000.674,2001.674,CLOSED,10
XAUUSD,2025-01-06T14:55:00Z,2001.675,2002.675,2000.675,2001.675,CLOSED,10
XAUUSD,2025-01-06T14:56:00Z,2001.676,2002.676,2000.676,2001.676,CLOSED,10
XAUUSD,2025-01-06T14:57:00Z,2001.677,2002.677,2000.677,2001.677,CLOSED,10
XAUUSD,2025-01-06T14:58:00Z,2001.678,2002.678,2000.678,2001.678,CLOSED,10
XAUUSD,2025-01-06T14:59:00Z,2001.679,2002.679,2000.679,2001.679,CLOSED,10
XAUUSD,2025-01-06T15:00:00Z,2001.68,2002.68,2000.68,2001.68,CLOSED,10
XAUUSD,2025-01-06T15:01:00Z,2001.681,2002.681,2000.681,2001.681,CLOSED,10
XAUUSD,2025-01-06T15:02:00Z,2001.682,2002.682,2000.682,2001.682,CLOSED,10
XAUUSD,2025-01-06T15:03:00Z,2001.683,2002.683,2000.683,2001.683,CLOSED,10
XAUUSD,2025-01-06T15:04:00Z,2001.684,2002.684,2000.684,2001.684,CLOSED,10
XAUUSD,2025-01-06T15:05:00Z,2001.685,2002.685,2000.685,2001.685,CLOSED,10
XAUUSD,2025-01-06T15:06:00Z,2001.686,2002.686,2000.686,2001.686,CLOSED,10
XAUUSD,2025-01-06T15:07:00Z,2001.687,2002.687,2000.687,2001.687,CLOSED,10
XAUUSD,2025-01-06T15:08:00Z,2001.688,2002.688,2000.688,2001.688,CLOSED,10
XAUUSD,2025-01-06T15:09:00Z,2001.689,2002.689,2000.689,2001.689,CLOSED,10
XAUUSD,2025-01-06T15:10:00Z,2001.69,2002.69,2000.69,2001.69,CLOSED,10
XAUUSD,2025-01-06T15:11:00Z,2001.691,2002.691,2000.691,2001.691,CLOSED,10
XAUUSD,2025-01-06T15:12:00Z,2001.692,2002.692,2000.692,2001.692,CLOSED,10
XAUUSD,2025-01-06T15:13:00Z,2001.693,2002.693,2000.693,2001.693,CLOSED,10
XAUUSD,2025-01-06T15:14:00Z,2001.694,2002.694,2000.694,2001.694,CLOSED,10
XAUUSD,2025-01-06T15:15:00Z,2001.695,2002.695,2000.695,2001.695,CLOSED,10
XAUUSD,2025-01-06T15:16:00Z,2001.696,2002.696,2000.696,2001.696,CLOSED,10
XAUUSD,2025-01-06T15:17:00Z,2001.697,2002.697,2000.697,2001.697,CLOSED,10
XAUUSD,2025-01-06T15:18:00Z,2001.698,2002.698,2000.698,2001.698,CLOSED,10
XAUUSD,2025-01-06T15:19:00Z,2001.699,2002.699,2000.699,2001.699,CLOSED,10
XAUUSD,2025-01-06T15:20:00Z,2001.7,2002.7,2000.7,2001.7,CLOSED,10
XAUUSD,2025-01-06T15:21:00Z,2001.701,2002.701,2000.701,2001.701,CLOSED,10
XAUUSD,2025-01-06T15:22:00Z,2001.702,2002.702,2000.702,2001.702,CLOSED,10
XAUUSD,2025-01-06T15:23:00Z,2001.703,2002.703,2000.703,2001.703,CLOSED,10
XAUUSD,2025-01-06T15:24:00Z,2001.704,2002.704,2000.704,2001.704,CLOSED,10
XAUUSD,2025-01-06T15:25:00Z,2001.705,2002.705,2000.705,2001.705,CLOSED,10
XAUUSD,2025-01-06T15:26:00Z,2001.706,2002.706,2000.706,2001.706,CLOSED,10
XAUUSD,2025-01-06T15:27:00Z,2001.707,2002.707,2000.707,2001.707,CLOSED,10
XAUUSD,2025-01-06T15:28:00Z,2001.708,2002.708,2000.708,2001.708,CLOSED,10
XAUUSD,2025-01-06T15:29:00Z,2001.709,2002.709,2000.709,2001.709,CLOSED,10
